slug,rotulo,natureza,estatuto,pai,definicao
abac,ABAC,modelo,doutrinario,autorizacao,"ABAC (controle de acesso por atributos) decide cada pedido comparando características na hora: quem é a pessoa (setor, cargo, vínculo ativo), o que ela quer (dono do documento, grau de sigilo) e a situação (horário, rede, dispositivo). A regra vira uma frase com condições — servidores da unidade dona do processo, em rede corporativa, em horário útil — em vez de uma lista de nomes. Serve quando as combinações são muitas demais para nomear uma a uma, e cobra um preço: depende de os atributos estarem corretos e atualizados. Com cadastro desatualizado, ele decide errado com convicção."
acesso-privilegiado,Acesso privilegiado,disposicao,natural,iam,"Acesso de quem pode mexer no próprio sistema, não só usá-lo: criar e apagar contas, alterar configuração, ler qualquer arquivo, desligar o registro de auditoria. É o administrador de servidor, de banco, de nuvem. O que faz disso um problema à parte é que esse acesso alcança os controles que existiriam para vigiá-lo — quem pode apagar o log pode apagar o rastro do que fez. Daí o tratamento próprio: conta separada da de uso diário, concessão por período curto, e gravação do que foi feito enquanto durou."
adaptacao-iterativa,Adaptação iterativa orientada a problema,processo,doutrinario,,"Método de construção de capacidade que parte de um problema localmente sentido e avança por iterações curtas com autoria local, em vez de transplantar solução pronta. Contraposto direto ao isomorfismo mimético."
autonomia-e-custo-do-erro,Autonomia e custo do erro,fenomeno,doutrinario,,"Quanto mais decisões um sistema toma sozinho, mais longe ele chega antes que alguém perceba um erro — e mais caro fica desfazer. As duas coisas crescem juntas: dar autonomia obriga a investir no que reverte, confere e limita o estrago, senão a autonomia é só velocidade rumo ao prejuízo. A pergunta útil não é quanta autonomia dar, e sim o que ainda dá para desfazer depois."
agente-de-ia,Agente de IA,disposicao,doutrinario,,"Programa que recebe um objetivo em vez de uma lista de instruções e escolhe sozinho as ações para chegar lá, usando ferramentas — abrir arquivo, consultar sistema, mandar mensagem — e mudando de plano conforme vê o resultado. O que o separa de um programa comum é isto: ninguém escreveu a sequência de passos, só o alvo e os meios disponíveis. Quem executa é ele; o ciclo que ele repete é outra coisa."
agilidade-criptografica,Agilidade criptográfica,disposicao,doutrinario,,"Capacidade de trocar o algoritmo de criptografia que um sistema usa sem reescrever o sistema. Na prática significa três coisas: o algoritmo está nomeado num lugar só, os dados guardados dizem com qual algoritmo foram protegidos, e o sistema aceita mais de um durante a transição. Sem isso a troca — que sempre chega, porque algoritmo envelhece — vira projeto de anos, e o sistema segue com o algoritmo velho enquanto o projeto não termina."
agilidade-organizacional,Agilidade organizacional,disposicao,doutrinario,,"Capacidade de mudar de direção rápido sem quebrar o que já funciona. Aparece quando o mercado, a lei ou a prioridade mudam e a organização consegue redirecionar pessoas e dinheiro em semanas, em vez de esperar o orçamento do ano seguinte. Não confundir com velocidade de execução: um time que entrega muito rápido sempre a mesma coisa não é ágil nesse sentido. O que se observa é o tempo entre perceber que a aposta mudou e já haver gente trabalhando na nova — e esse tempo depende muito menos do time do que de quem autoriza a mudança."
algoritmo-de-estado,Algoritmo de estado,modelo,instituido,primitiva-criptografica,"Algoritmo de criptografia desenvolvido pelo próprio Estado, não comercializado, usado para proteger informação sigilosa oficial. A razão de existir não é ser melhor que os públicos: é não depender de fornecedor estrangeiro nem de decisão de terceiros sobre o que continua disponível. O custo é o exame público que ele não recebe — algoritmo aberto é atacado por pesquisadores do mundo inteiro durante anos antes de ser confiável. Por isso seu uso vem cercado de exigências próprias de avaliação e de restrições de onde pode ser empregado."
alinhamento-de-ontologias,Alinhamento de ontologias,processo,doutrinario,,"Dois órgãos catalogam a mesma realidade com listas de termos diferentes: um chama de ""servidor"", outro de ""agente público"", e um terceiro usa ""servidor"" para máquina. Alinhar é montar a tabela de correspondência entre as duas listas — este termo daqui equivale àquele de lá, este é mais amplo que aquele, este não tem par nenhum.

Alinhar não é fundir. As duas listas continuam existindo, cada dono manda na sua, e o que se produz é a ponte entre elas. Fundir exigiria que um dos dois abandonasse o vocabulário com que já opera, e é normalmente isso que trava um projeto de integração antes de ele começar."
alto-modernismo,Alto modernismo,fenomeno,doutrinario,,"Confiança de que o ordenamento racional projetado de cima produz resultado superior ao arranjo local acumulado, autorizando reorganizar território e sociedade segundo o esquema. Não é a técnica, é a fé nela."
ameaca-interna,Ameaca interna,fenomeno,natural,,"Risco de segurança originado por um indivíduo que possui ou possuiu acesso autorizado aos recursos, redes ou sistemas de uma organização."
composicao-da-janela-de-contexto,Composição da janela de contexto,fenomeno,doutrinario,,"As partes que disputam o espaço de uma chamada ao modelo: as instruções fixas, o histórico da conversa, as descrições das ferramentas disponíveis, os documentos trazidos e a resposta que ainda vai ser escrita. Enxergá-las separadas é o que permite cortar com critério — e é assim que se descobre, por exemplo, que as descrições de ferramenta comeram metade do espaço antes de alguém dizer qualquer coisa."
ancora-de-confianca,Âncora de confiança,modelo,doutrinario,modelo-de-confianca,"O ponto em que a verificação para e a aceitação começa por decisão administrativa, não por derivação. Quem controla o conjunto de âncoras controla o que o sistema considera verdadeiro."
anonimizacao,Anonimização,processo,natural,,"Alterar dados para que não se consiga mais chegar à pessoa, nem por caminho indireto. É mais difícil do que apagar nome e CPF: sexo, data de nascimento e município já identificam boa parte da população de uma cidade pequena, e uma base anônima cruzada com outra pública volta a identificar. Quando é feita de verdade, é irreversível, e o dado sai do alcance da lei de proteção de dados. A recíproca incomoda: se alguém consegue reverter, nunca foi anonimização — era um apelido, e a lei continua valendo."
antinomia-de-coordenacao,Antinomia de coordenação,fenomeno,doutrinario,,Tensão ou contradição entre a necessidade de coordenação centralizada e a autonomia dos diferentes órgãos ou níveis de governo na gestão pública.
antipadroes-de-modelagem,Antipadroes de modelagem,modelo,doutrinario,,"Certos erros de modelagem aparecem sempre no mesmo formato, feitos por gente diferente que nunca conversou entre si. O antipadrão é um desses formatos, catalogado: a estrutura que parece razoável no desenho, passa na revisão e produz resultado errado quando alguém usa.

Serve como lista de conferência antes de fechar um modelo — procura-se cada formato conhecido e, onde ele aparecer, há uma pergunta pronta para fazer. Exemplo frequente: uma categoria dividida em subcategorias que na verdade se sobrepõem, de modo que o mesmo caso cabe em duas e ninguém no sistema tem autoridade para dizer qual vale."
api,API,modelo,doutrinario,contratos-de-interface,"API (interface de programação de aplicações) é a porta que um software expõe para outro software usar: as operações disponíveis, o formato do que entra e do que sai, e os erros possíveis, tudo declarado de antemão. O consumidor é um programa, não uma pessoa — por isso a declaração precisa ser exata: máquina não deduz intenção, e o que não está declarado não existe para quem consome."
aprendizado-por-reforco,Aprendizado por reforço,processo,doutrinario,,"Treinar por consequência: o sistema tenta, recebe um sinal de bom ou ruim e se ajusta para colher mais sinal bom. Não há gabarito de resposta certa, há resultado — o que serve quando ninguém sabe escrever a resposta ideal mas todo mundo reconhece um bom desfecho. O risco conhecido é o sistema achar um jeito de colher o sinal sem fazer o que se queria."
armadilha-de-capacidade,Armadilha de capacidade,fenomeno,doutrinario,,"Fenômeno em que a pressão por resultados imediatos impede o investimento no aprimoramento de processos, mantendo a organização presa em um ciclo de baixa capacidade e alto esforço."
desenho-do-modelo-e-pesos,Desenho do modelo e pesos,fenomeno,doutrinario,,"Duas coisas separadas decidem o que um modelo consegue fazer: o desenho — quantas camadas, como a informação circula, quanto texto ele atende de uma vez — e os números que o treino escreveu. O desenho fixa o teto; os números determinam o desempenho dentro dele. Separar as duas evita atribuir a uma o que é da outra. Treinar mais não estende o que a forma não comporta, e trocar a forma joga fora o treino inteiro — dois erros caros que costumam ser cometidos como se fossem a mesma decisão."
atestacao-confianca,Atestação de confiança,processo,doutrinario,modelo-de-confianca,"Procedimento pelo qual um componente produz evidência verificável sobre o que está executando, e um avaliador decide, por política própria, se aquilo é aceitável. A evidência e a política de apreciação são partes separadas e devem ser lidas separadas."
autenticacao,Autenticação,processo,natural,iam,"Conferir que quem se apresenta é mesmo quem diz ser, antes de deixar entrar: senha, código no aplicativo, biometria, certificado. Responde a quem é você, e só isso. O que a pessoa pode fazer depois de entrar é decisão separada, tomada em outro lugar. Confundir as duas é o erro que produz o sistema em que qualquer usuário autenticado enxerga tudo — o cadeado da porta da rua funcionando enquanto todas as portas internas estão escancaradas."
autenticacao-multifator,Autenticação multifator,processo,natural,autenticacao,"Exigir mais de uma prova de identidade, de tipos diferentes: algo que a pessoa sabe (senha), algo que ela tem (celular, chave física), algo que ela é (digital, rosto). O que importa é a diferença de tipo. Duas senhas não são dois fatores, porque quem descobriu uma provavelmente descobre a outra do mesmo jeito. É a medida isolada que mais corta ataque em massa, porque a senha vazada em algum site antigo deixa de bastar."
automacao-processos,Automação de processos,processo,doutrinario,,"Fazer o sistema executar uma sequência de tarefas que uma pessoa executava, com a ordem e as passagens entre tarefas escritas em lugar próprio: quem chama quem, o que fazer se falhar no meio, onde reiniciar. É mais do que ter um script para cada tarefa — o que se automatiza é o encadeamento, e é ele que costuma quebrar."
autorizacao,Autorização,processo,natural,iam,"Decidir o que uma pessoa já identificada pode fazer: ler este processo, aprovar pagamento até este valor, apagar este registro. Vem depois da autenticação e é onde mora a maior parte dos incidentes de acesso indevido. O sistema sabe exatamente quem é a pessoa e mesmo assim mostra a ela a tela do setor vizinho — não porque alguém burlou a entrada, mas porque ninguém escreveu a regra do que cada um alcança lá dentro."
avaliacao-politicas-publicas,Avaliação de políticas públicas,processo,doutrinario,,"Procedimentos técnicos formais para analisar a eficiência, eficácia e efetividade da ação pública, acompanhando desde a identificação do problema até os impactos da intervenção."
busca-em-arvore,Busca em árvore,processo,natural,,"Explorar decisões como galhos: de um estado, cada escolha abre um ramo, e de cada ramo saem outros. Xadrez e planejamento de rota se resolvem assim. O problema é o crescimento — poucos níveis já geram mais ramos do que se consegue percorrer —, e por isso todo método sério é, no fundo, uma regra de qual galho abrir e qual abandonar."
business-capability,Business capability,modelo,doutrinario,,"O que uma organização sabe fazer, dito de um jeito que não muda quando ela se reorganiza: “aprovar crédito”, “entregar encomenda”. Não é o departamento que faz nem o passo a passo de hoje, é a habilidade em si. Serve para separar duas perguntas que vivem misturadas: a habilidade muda devagar, ao longo de anos, e o jeito de exercê-la muda toda hora. Duas empresas podem saber fazer exatamente as mesmas coisas e operar de formas irreconhecíveis uma para a outra — e é por isso que mexer no organograma raramente resolve o que ninguém sabe fazer."
cadastro-territorial,Cadastro territorial,modelo,instituido,,"Registro sistemático e geoespacial de informações sobre o território, servindo como base de dados para o planejamento urbano e a gestão municipal."
cadeia-de-ataque,Cadeia de ataque,modelo,doutrinario,taticas-e-tecnicas-adversarias,Modelo que divide um ataque cibernético em estágios sequenciais para ajudar a identificar e interromper a ação do invasor.
cadeia-de-confianca,Cadeia de confiança,processo,doutrinario,modelo-de-confianca,"Confiança que se propaga em elos. Você aceita o certificado de um site porque ele foi assinado por uma autoridade, que foi assinada por outra, até um ponto de partida que o navegador já trazia instalado. Cada elo só vale porque o anterior o verificou. A consequência prática é dura: a corrente inteira vale o que vale o elo mais fraco. Comprometer um ponto no meio permite forjar tudo que vem depois dele, e quem está na ponta não tem como perceber, porque está fazendo exatamente o que deveria — confiando em quem assinou."
cadeia-de-custodia,Cadeia de custódia,modelo,instituido,,"Registro de quem teve a coisa na mão, da coleta ao descarte, com data, hora e motivo de cada passagem. Nasceu com prova criminal e vale para qualquer evidência, inclusive digital. Não é sobre a integridade do objeto, é sobre poder demonstrar que ninguém teve oportunidade de mexer. Um intervalo em que ninguém sabe onde a evidência esteve derruba o valor dela mesmo que ela esteja intacta — a dúvida não precisa ser provada, basta ser possível."
cadeia-de-suprimentos-de-software,Cadeia de suprimentos de software,processo,natural,gestao-de-terceiros,"Todo o código, pessoas, sistemas e processos que contribuem para o desenvolvimento e a entrega do software, dentro e fora da organização."
capacidade-absortiva,Capacidade absortiva,disposicao,doutrinario,,"Habilidade da organização de reconhecer o valor de novas informações externas, assimilá-las, transformá-las e aplicá-las para gerar inovação."
capacitacao-continua,Capacitação contínua,processo,natural,,"Aprender no trabalho de forma permanente, e não em treinamento avulso quando sobra orçamento. Vale tanto para a habilidade técnica, que envelhece em dois anos, quanto para a de lidar com gente, que envelhece devagar e quase ninguém ensina. O que separa isso de curso solto é o vínculo com uma lacuna identificada: parte-se da diferença entre o que a pessoa faz hoje e o que a função vai exigir amanhã, e o plano existe para fechar essa diferença. Sem esse vínculo, treinamento vira catálogo, e quem frequenta é quem tem agenda livre, não quem precisa."
carga-prematura,Carga prematura,fenomeno,doutrinario,armadilha-de-capacidade,"A carga (obrigação, escala, complexidade) chega antes de existir a capacidade, o instrumento ou o procedimento que a suportariam. Inclui a forma normativa — mandato sem degrau, legível no próprio artefato num único instante — e a forma operacional, inferida do colapso sob carga."
cegueira-relacional,Cegueira relacional,fenomeno,doutrinario,,A ferramenta oficial permite produzir um artefato válido isoladamente sem expor o estado já registrado com que ele vai colidir. A tradução acerta localmente e falha no agregado; o conflito só aparece na análise posterior.
chain-of-thought,Cadeia de raciocínio,processo,doutrinario,,"Pedir que o modelo escreva os passos antes de dar a resposta, em vez de responder direto. Em conta, dedução e problema de várias etapas isso melhora o acerto, porque cada passo escrito serve de apoio ao seguinte. É técnica de quem usa, não propriedade do modelo: mora no texto do pedido e funciona em modelos diferentes."
cifra-fim-a-fim,Cifra fim a fim,processo,natural,,"Criptografia aplicada diretamente entre os dispositivos de origem e destino, garantindo que apenas os interlocutores tenham acesso ao conteúdo e impedindo a leitura por intermediários."
forcas-competitivas-do-setor,Forças competitivas do setor (cinco forças de Porter),modelo,doutrinario,,"Explica por que um setor inteiro dá lucro e outro não, independentemente de quem é o melhor da turma. Cinco pressões espremem a margem de todos os concorrentes ao mesmo tempo: a briga entre eles, a facilidade de gente nova entrar, a existência de outro jeito de resolver a mesma necessidade do cliente, e a força de quem vende para eles e de quem compra deles. Serve para decidir onde entrar, não como competir. Uma padaria e uma empresa de software de nicho podem ter equipes igualmente competentes e margens incomparáveis, porque as pressões que sofrem são diferentes — e nenhum esforço interno muda a estrutura do setor."
classificacao-da-informacao,Classificação da informação,processo,instituido,,"Atribuir a cada informação um nível conforme o estrago que sua divulgação causaria, e ligar cada nível a um tratamento obrigatório: onde pode ser guardada, por quem, se pode sair por e-mail, como se destrói. Sem os tratamentos amarrados ao nível, o rótulo vira etiqueta decorativa. E o erro mais comum não é classificar de menos: é classificar tudo no nível mais alto por precaução, o que encarece a operação inteira e ensina todo mundo a ignorar o rótulo, inclusive nos casos em que ele estava certo."
cognicao-estendida,Cognição estendida,fenomeno,doutrinario,,"Processo cognitivo que se realiza parcialmente fora do cérebro, em artefato, corpo ou outra pessoa, de modo que o suporte externo é parte do processo e não registro dele."
consciencia-situacional,Consciencia situacional,fenomeno,doutrinario,,"A percepção dos elementos no ambiente dentro de um volume de tempo e espaço, a compreensão do seu significado e a projeção de seu estado em um futuro próximo."
consistencia-de-dados,Consistência de dados,fenomeno,natural,sistemas-distribuidos,"Como réplicas e consumidores convergem para o mesmo estado, e o que decide sobre estado vencido no intervalo. Cobre o modelo temporal do acoplamento (evento, lote, extração periódica) e a relação entre a base canônica e suas cópias."
contratos-de-interface,Contrato de interface,modelo,natural,sistemas-distribuidos,"O que a fronteira aceita, o que devolve ao recusar, e quem arca com a mudança depois que ela já funciona. Cobre tipagem, erro acionável, versionamento e o lugar onde a conformidade é verificada."
controle-de-acesso-fisico,Controle de acesso físico,processo,natural,controle-de-seguranca,"Gerenciamento e restrição da entrada e saída de pessoas, veículos ou prestadores de serviços em locais físicos e áreas restritas."
controle-de-seguranca,Controle de segurança,disposicao,natural,,"Qualquer medida colocada de propósito para evitar, detectar ou reduzir um dano: uma tranca, uma regra no firewall, uma conferência feita por uma segunda pessoa, um treinamento. É o substantivo que permite falar de segurança em unidades comparáveis — o que existe, contra o quê, e se está funcionando hoje. Sem esse recorte, segurança vira adjetivo: não se lista, não se atribui a um responsável e não se audita."
convergencia-sociotecnica,Convergencia sociotecnica,processo,doutrinario,,"Uma tecnologia nova não chega a um mundo parado: ela muda o que as pessoas fazem, e as pessoas mudam o que ela acaba sendo. O celular foi vendido como telefone portátil e virou, pelo uso, outra coisa — e esse uso mudou o aparelho seguinte. Olhar os dois lados juntos importa porque quase toda previsão de adoção erra pelo mesmo motivo: supõe que a técnica chega pronta e o resto se adapta. Na prática, quem vai usar disputa o significado da coisa desde o começo, e o que sobra é o resultado dessa disputa, não o projeto original."
correlacao-de-eventos,Correlação de eventos,processo,natural,monitoramento-continuo,"Juntar registros de origens diferentes para enxergar o que nenhum deles mostra sozinho. Uma senha errada não diz nada; senha errada em quarenta contas, vinda do mesmo lugar, em dois minutos, é ataque em curso. É trabalho que ninguém faz na mão, pelo volume, e por isso vive em ferramenta. A ferramenta, porém, só funciona sobre registros com horário confiável e formato comparável — quando os relógios das máquinas divergem, a sequência dos eventos se embaralha e a conclusão sai errada."
cultura-organizacional,Cultura organizacional,disposicao,doutrinario,,"O que as pessoas de uma organização fazem quando ninguém está mandando, e o que elas esperam que aconteça se derem uma notícia ruim. É a camada de crenças e hábitos que sobrevive à troca de chefia, ao comunicado novo e ao cartaz de valores no corredor. O teste prático mais usado é o tratamento de quem traz o problema. Onde essa pessoa é punida, esconde-se problema até virar crise; onde é ignorada, a informação morre no caminho; onde é procurada, o problema aparece cedo e barato. Declaração de valores não move esse teste — move o que acontece com a primeira pessoa que traz a má notícia."
dado-mestre,Dado mestre,modelo,doutrinario,,"Base que identifica e caracteriza uma entidade e é consumida por outros sistemas como referência, sem executar a transação. Distinguir do sistema transacional que a consome: o registry identifica, não concede nem paga."
data-mesh,Data mesh,modelo,doutrinario,,"Quando toda a informação da empresa é despejada num repositório central cuidado por uma equipe só, essa equipe vira gargalo: não conhece nenhum dos assuntos a fundo e todo mundo depende dela. O data mesh inverte isso — cada área publica os próprios dados e responde por eles como quem entrega um produto, com qualidade combinada e alguém a quem reclamar. No lugar do repositório, a empresa monta uma base comum de ferramentas, para que publicar seja fácil sem cada área virar especialista em infraestrutura, mais um conjunto de regras iguais para todos. A troca é clara: ganha-se conhecimento do assunto onde ele existe e perde-se a uniformidade de quem controlava tudo de um ponto só."
ddd,DDD,modelo,doutrinario,,"DDD, sigla de domain-driven design, é a prática de escrever o software com as mesmas palavras que o pessoal do negócio usa, e de deixar que a estrutura do código siga a estrutura do assunto em vez da estrutura das ferramentas. A aposta é que a maior parte dos erros caros não é técnica: é o programador entendendo “apólice” de um jeito e o especialista de outro, sem que ninguém perceba até o sistema estar pronto. Quando a mesma palavra vale dos dois lados, a conversa flagra a divergência cedo. O custo é real: exige tempo do especialista do negócio, e sem isso o método vira só um jeito diferente de organizar pastas."
defesa-de-perimetro,Defesa de perímetro,modelo,natural,defesa-em-profundidade,"Concentrar a proteção na fronteira entre a rede de dentro e o mundo lá fora, tratando quem já está dentro como confiável. Foi o desenho padrão por décadas e continua fazendo sentido como uma das camadas. O que o limita é o que se tornou rotina: quem trabalha de casa, serviço em nuvem e fornecedor conectado estão todos fora do perímetro, e quem entra por um e-mail bem escrito passa a circular num interior sem obstáculos. A fronteira não sumiu — deixou de coincidir com a parede do prédio."
defesa-em-profundidade,Defesa em profundidade,modelo,doutrinario,controle-de-seguranca,"Estratégia de segurança em camadas projetada para desacelerar, detectar e conter ataques por meio de múltiplos controles independentes."
degradacao-em-contexto-longo,Degradação em contexto longo,fenomeno,natural,,"Modelos leem pior o que está no meio de um texto longo do que o que está no começo ou no fim, mesmo quando tudo cabe com folga. Enfiar cinquenta documentos e confiar que o relevante será achado falha por posição, não por tamanho — a janela grande é capacidade de guardar, não garantia de leitura. A consequência prática é ordenar: o que mais importa vai nas pontas, e trazer menos costuma render mais do que trazer tudo."
dependencia-de-fornecedor,Dependência de fornecedor,fenomeno,natural,,"Situação em que uma organização depende excessivamente de um único fornecedor, tornando a operação vulnerável a interrupções e falhas."
devops,DevOps,disposicao,doutrinario,,"Quem escreve o software também responde por mantê-lo no ar. Acaba a divisão em que uma equipe entrega o código e outra lida com as consequências às três da manhã. O efeito é sobre o incentivo, não sobre a ferramenta: quem vai ser acordado pelo alarme escreve o código de outro jeito. Para funcionar, publicar uma versão precisa ser rotina barata e automatizada, e precisa dar para enxergar o que o sistema está fazendo enquanto roda — sem essas duas coisas, juntar as funções só transfere o sofrimento de lugar."
direcao-da-autoridade-semantica,Direção da autoridade semântica,fenomeno,doutrinario,,O sentido da dependência semântica e do fluxo de subordinação ou herança de significados em uma modelagem ontológica.
direcionamento-vs-implementabilidade,Direcionamento vs. implementabilidade,fenomeno,doutrinario,,A tensão entre a formulação de diretrizes ou metas estratégicas e a capacidade real ou viabilidade prática de executá-las na operação.
orcamento-de-raciocinio,Orçamento de raciocínio,processo,doutrinario,,"Controle de quanto o modelo pode pensar antes de responder. Mais raciocínio interno significa mais chance de acerto em problema difícil, e mais custo e mais espera em pergunta fácil. É um botão de quem usa, regulado por tarefa: deixar no máximo por precaução é caro e, em tarefa simples, não melhora nada."
embeddings,Embeddings,modelo,natural,,"Transformar texto, imagem ou som numa lista de números que funciona como coordenada, de modo que coisas de significado parecido caiam perto uma da outra. ""Cachorro"" fica perto de ""cão"" sem ter nenhuma letra em comum. É o que permite buscar por sentido, agrupar assunto e medir semelhança sem que ninguém escreva as regras de semelhança."
engenharia-contexto,Engenharia de contexto,processo,doutrinario,,"Decidir o que entra no texto que acompanha o pedido ao modelo, em que ordem e em que quantidade — porque cabe pouco e tudo que entra concorre entre si. Não é caprichar na pergunta: o objeto aqui é a bagagem que vai junto, não a instrução. Encher tudo que cabe não é a melhor estratégia, é a ausência de estratégia."
engenharia-social,Engenharia social,processo,natural,,Ataque que explora a pessoa em vez do sistema.
escalabilidade-sistemas,Escalabilidade de sistemas,disposicao,natural,sistemas-distribuidos,Capacidade de sustentar aumento de carga sem degradar. Eixo distinto do semântico: o domínio pode estar corretamente modelado e o sistema ainda assim engasgar por dimensionamento.
escrituracao-eletronica,Escrituração eletrônica,processo,instituido,,"Registro fiscal, contábil ou trabalhista prestado em artefato digital com validade jurídica, sob leiaute canônico e assinatura. Cobre SPED, eSocial e congêneres."
especializacao-local,Especialização local,modelo,doutrinario,,Tecnica em que componentes de um modelo se especializam no processamento de subconjuntos especificos de dados.
estados-do-dado,Estados do dado,modelo,natural,,"O mesmo dado exige proteções diferentes conforme onde está: parado num disco ou backup, viajando por uma rede, ou aberto na memória durante o processamento. Cifrar o disco não protege o que trafega; cifrar o tráfego não protege o que está guardado; e nos dois casos o dado fica exposto no instante em que é usado, porque para processar é preciso abrir. Separar os três estados é o que evita declarar um dado protegido tendo coberto apenas um deles — o mais fácil, quase sempre."
estruturacao-dados,Estruturação de dados,processo,natural,,"Organização de dado extraído num esquema declarado, com tipo, campo e relação definidos. Distingue-se de extração: aqui o objeto é a forma de destino, não a recuperação."
extracao-dados,Extração de dados,processo,natural,,"Obtenção de informação de fonte não estruturada ou semiestruturada, preservando o que estava lá. Distingue-se de estruturação: extrair recupera, estruturar organiza no esquema de destino."
falso-positivo-de-cobertura-por-jurisdicao,Falso positivo de cobertura por jurisdição,fenomeno,doutrinario,,Situação em que a delimitação formal de competência ou território gera a falsa impressão de que um problema ou população está efetivamente coberto pelo serviço público.
feature-toggle,Feature toggle,modelo,natural,,"Uma chave dentro do próprio programa que liga ou desliga um pedaço dele sem publicar versão nova. O código do recurso já está no ar, desligado, e é ligado no dia que se quiser — para todo mundo ou só para alguns. Serve para separar duas coisas que costumam vir grudadas: colocar o código no sistema e liberar o recurso para o usuário. Com a chave, dá para integrar trabalho pela metade sem manter uma versão paralela por semanas, e dá para desligar em segundos um recurso que deu errado, sem publicação de emergência. O preço é bagunça: chave que fica ligada para sempre e ninguém remove vira caminho morto no código, e dez delas juntas produzem combinações que ninguém testou."
federacao-de-identidade,Federação de identidade,modelo,doutrinario,iam,"Solução que vincula a identidade on-line de um usuário em vários domínios e redes, permitindo o acesso seguro a sistemas de diferentes organizações com um único conjunto de credenciais."
fusao-reciproca-de-rankings,Fusão recíproca de rankings,modelo,doutrinario,,"Jeito de juntar duas listas de resultados vindas de buscas diferentes usando só a posição de cada item, nunca a nota que cada busca deu. Cada item ganha 1 dividido por (uma constante mais a sua posição) em cada lista, e as parcelas se somam. Usa-se a posição porque notas de sistemas diferentes não estão na mesma escala: somá-las direto deixa o de números maiores mandar sozinho. E usa-se a posição inteira, não só quem apareceu, porque estar em primeiro numa lista diz mais do que estar em quinquagésimo — informação que a contagem de votos joga fora."
garantia-de-identidade,Garantia de identidade,disposicao,doutrinario,autenticacao,"Grau de confiança de que uma identidade digital corresponde à identidade real do indivíduo, determinado a partir da robustez dos processos de comprovação e dos mecanismos de autenticação utilizados."
genealogia-vcge,Genealogia VCGE,modelo,doutrinario,,"O VCGE — Vocabulário Controlado do Governo Eletrônico — é a lista oficial de assuntos com que o governo federal classifica o que publica, e ela mudou várias vezes desde os anos 2000: termos criados, fundidos, aposentados. A genealogia é o mapa dessas mudanças: que versão veio de qual, o que virou o quê, o que sumiu sem substituto.

Sem esse mapa, o conteúdo classificado numa versão antiga fica ilegível para quem usa a nova, e comparar séries de anos diferentes passa a somar coisas que não são a mesma. É trabalho que só se percebe necessário depois de já ter perdido a informação."
assimetria-entre-gerar-e-julgar,Assimetria entre gerar e julgar,fenomeno,doutrinario,,"Julgar se uma resposta presta costuma ser mais fácil do que produzi-la — vale para pessoa e para modelo. É por isso que funciona gerar várias opções e filtrar, ou pôr um segundo modelo para revisar o primeiro. E é por isso que a estratégia tem limite: onde julgar é tão difícil quanto fazer, como dizer se um texto longo está correto no detalhe, o filtro deixa passar e a montagem inteira desaba sem avisar."
gestao-arquivistica,Gestão arquivística,processo,doutrinario,,"Nenhum documento nasce para o arquivo, mas todo documento acaba em algum destino: guardado para sempre ou eliminado em data marcada. A gestão arquivística é o controle desse percurso inteiro — produção, uso corrente, recolhimento, destino final —, mantendo em cada etapa o vínculo entre o documento e a atividade que o gerou.

Isso é diferente de guardar bem. Um depósito organizado responde onde a caixa está; a gestão responde por que aquele documento existe, quanto tempo tem que durar, quem pode vê-lo e o que fazer quando o prazo vencer. Sem essas respostas, o acervo cresce até estourar e ninguém tem autoridade para eliminar nada."
gestao-conhecimento,Gestão do conhecimento,processo,doutrinario,,"O que a organização sabe está quase todo na cabeça das pessoas, e vai embora com elas. Gestão do conhecimento é o esforço de tirar parte disso da cabeça, colocar em algum lugar consultável e — principalmente — fazer com que quem precisa encontre. O erro comum é parar na primeira metade: documento escrito e não achado equivale a documento inexistente, e por isso o trabalho envolve tanto organizar e nomear as coisas quanto produzi-las. E há uma parte que não se escreve: o que se aprende fazendo passa por convivência, não por manual, e reconhecer isso evita gastar meses documentando o que só se transmite trabalhando junto."
gestao-de-chaves,Gestão de chaves,processo,natural,,"Cuidar das chaves de criptografia do nascimento à destruição: gerar com aleatoriedade de verdade, guardar onde ninguém copie, entregar a quem precisa, trocar no prazo, revogar quando vaza, destruir no fim. É a parte que quebra. O algoritmo raramente falha; a chave copiada para um arquivo de configuração enviado ao repositório falha toda semana. E vale a regra que resume o assunto: guardar a chave junto do que ela protege equivale a não ter cifrado nada."
gestao-de-configuracao,Gestão de configuração,processo,natural,,Processo de manter a consistência e o estado desejado de componentes e sistemas ao longo de seu ciclo de vida.
gestao-de-incidentes,Gestão de incidentes,processo,doutrinario,,"O que a organização faz quando algo dá errado: detectar, avaliar o tamanho, conter, corrigir, voltar ao normal e aprender com o ocorrido. O que separa quem está preparado de quem não está não é o plano existir — é ter papéis definidos antes. Quem decide desligar o sistema, quem fala com a imprensa, quem aciona o jurídico, quem pode gastar sem autorização prévia. No meio do incidente não há tempo de negociar isso, e a hesitação custa mais que o ataque."
gestao-de-incidente-servico-itsm,Gestão de incidente de serviço (ITSM),processo,doutrinario,,"Processo que devolve um serviço de TI ao funcionamento normal o mais rápido possível quando ele quebra ou degrada. O objetivo é restaurar, não explicar: descobrir a causa profunda fica para depois, em processo próprio, porque investigar com o serviço caído prolonga a queda. É diferente do incidente de segurança, em que o objetivo é conter o ataque e investigar antes de religar — um mesmo evento pode ser os dois, e o que separa é qual objetivo comanda a resposta."
gestao-de-risco,Gestão de risco,processo,doutrinario,,"Abordagem sistemática para identificar, avaliar e monitorar ameaças que podem afetar os objetivos de uma organização, visando minimizar possíveis danos e perdas."
gestao-de-terceiros,Gestão de terceiros,processo,natural,,"Conjunto de práticas e processos para administrar as relações com fornecedores e prestadores de serviços externos ao longo de seu ciclo de vida, visando mitigar riscos e garantir o cumprimento de contratos e conformidade legal."
gestao-de-vulnerabilidades,Gestão de vulnerabilidades,processo,natural,,"Processo contínuo e proativo de identificação, avaliação, categorização, priorização e remediação de falhas e fragilidades de segurança nos ativos de tecnologia da informação."
gestao-estrategica,Gestão estratégica,processo,doutrinario,,"Escolher onde a organização vai apostar seus recursos nos próximos anos e acompanhar se a aposta está indo. As duas metades contam: plano que ninguém revisita é papel, e acompanhamento sem escolha prévia é relatório de tudo. A parte difícil não é definir aonde se quer chegar, é decidir o que não será feito. Estratégia que cabe tudo não orienta decisão nenhuma, porque qualquer proposta que aparecer vai encontrar nela alguma frase que a autoriza."
gestao-pessoas,Gestão de pessoas,modelo,doutrinario,,"Cuidar de quem trabalha na organização ao longo de toda a relação: quem entra, o que se espera dessa pessoa, como ela é avaliada, como cresce e como sai. Reúne sob uma pergunta só o que costuma estar espalhado entre seleção, avaliação, remuneração e desenvolvimento — a organização terá, daqui a dois anos, as pessoas de que vai precisar? A tensão que define a matéria é que as duas pontas têm objetivos próprios, e nem sempre coincidentes. Tratar isso como assunto administrativo — folha, ponto, férias — é o jeito mais comum de descobrir tarde demais que foi embora quem sustentava alguma coisa que ninguém mais sabe fazer."
gestao-por-metricas,Gestão por métricas,processo,doutrinario,,"Conduzir o trabalho olhando para números escolhidos de propósito, em vez de para impressão pessoal. Escolhem-se poucos indicadores, define-se de onde sai o dado e com que frequência se olha, e a conversa da equipe passa a ser sobre o que o número mostrou desde a última vez. O perigo mora na escolha, porque as pessoas perseguem o que é medido, inclusive por caminhos que ninguém queria. Medir chamados fechados produz chamado fechado sem problema resolvido. Por isso indicador costuma vir em par: um que puxa o resultado desejado e outro que segura o efeito colateral previsível."
gestao-projetos,Gestão de projetos,processo,doutrinario,,"Conduzir um trabalho que tem começo, fim e um resultado combinado, dentro de limites de prazo, custo e escopo. Diferencia-se da operação, que se repete indefinidamente: um projeto termina, e é justamente o fim que permite dizer se ele cumpriu o que prometeu. O compromisso é medido contra uma referência congelada no início — o que foi combinado entregar, quando e por quanto. Mudança não é proibida, mas é registrada como mudança, com novo acordo. Sem referência congelada todo projeto termina no prazo, porque o prazo vai andando junto com o atraso."
gestao-tecnologia,Gestão de tecnologia,processo,doutrinario,,"Cuidar do que a área de tecnologia tem e faz: os equipamentos e sistemas em operação, os contratos, as pessoas, o dinheiro do ano e os números que mostram se está funcionando. É trabalho de execução, e essa é a distinção que costuma se perder: decidir que o e-mail da empresa vai para a nuvem é uma coisa; manter o serviço no ar, dentro do orçamento e com alguém de plantão é outra. Sem a segunda, a primeira é papel."
governanca,Governança,modelo,doutrinario,,"Conjunto de políticas, papéis e controles que decide como uma organização, ou um objeto sob sua responsabilidade, é dirigido, avaliado e monitorado. Raiz do ramo; o objeto governado é o que distingue os conceitos filhos."
governanca-corporativa,Governança corporativa,modelo,doutrinario,governanca,"Estrutura de direção e controle da organização perante sócios, conselho e partes interessadas, incluindo conduta, integridade e conformidade com o arcabouço a que a organização se submete."
governanca-dados,Governança de dados,modelo,doutrinario,governanca,"Duas áreas discordam sobre quem conta como “cliente ativo” e cada uma leva o seu número para a reunião. Governança de dados é o arranjo que responde quem decide isso — e quem responde quando o número sai errado. Não é quem executa: é quem fixa a regra, quem autoriza exceção e quem presta contas. A separação entre decidir e executar é o que faz o arranjo funcionar, porque quando a mesma equipe define a regra e é medida por ela, a regra cede. E o arranjo é transversal por necessidade: dado atravessa áreas, então a autoridade sobre ele não cabe dentro de nenhuma. O sinal de que amadureceu é ter virado rotina invisível, não departamento novo com nome próprio."
governanca-federada,Governança federada,modelo,doutrinario,sistema-de-sistemas,"Um core normativo único com vários entes co-titulares da execução, vocabulário mantido vivo em instância colegiada, e o centro ofertando capacidade de execução a quem não a tem sem tomar a titularidade."
governanca-ia,Governança de IA,modelo,doutrinario,governanca,"Regras escritas sobre o que um sistema de IA pode fazer dentro de uma organização: que decisão ele toma sozinho, que registro precisa deixar, quem responde quando ele erra. Não é o controle técnico em si — é o combinado que diz qual controle passa a ser exigido. Sem ele, cada equipe fixa sozinha o próprio limite, e depois do incidente ninguém sabe dizer quem autorizou."
governanca-ti,Governança de TI,modelo,doutrinario,governanca,"Conjunto de políticas, papéis, processos e controles que decide como a função de TI é dirigida, avaliada e monitorada, alinhando a tecnologia aos objetivos da organização."
governo-eletronico,Governo eletrônico,processo,doutrinario,,"Prestação de serviço público e condução de relação com o cidadão por meio digital, incluindo o rearranjo interno que isso exige. Distingue-se de informatização: o objeto é o serviço, não o sistema que o suporta."
gradiente-de-isomorfismo-na-importacao,Gradiente de isomorfismo na importação,fenomeno,doutrinario,,O grau em que a adoção de modelos ou padrões externos varia entre a mera cópia formal e a efetiva adaptação às práticas e capacidades locais.
habilitacao-de-mudanca,Habilitação de mudança,processo,doutrinario,,"O ato de autorizar uma mudança em serviço de TI antes que ela aconteça: alguém revisa o que vai mudar, avalia o risco e marca a hora — sem transformar a autorização em fila que trava a entrega. Mudança padrão e de baixo risco passa por aprovação automática; a rara e arriscada ganha revisão de gente. O objeto é a autorização, não a mudança em si: ao contrário da gestão de mudança organizacional, que cuida de pessoas e resistência, aqui se decide se e quando algo pode ir ao ar."
hardening,Hardening,processo,natural,gestao-de-configuracao,"Reduzir o que pode ser atacado numa máquina antes de colocá-la em produção: desligar serviço que ninguém usa, remover software que veio junto, fechar porta aberta à toa, trocar senha padrão de fábrica, apertar permissão de arquivo. Sistema recém-instalado vem configurado para funcionar em qualquer cenário, não no seu. Cada função ligada que ninguém precisa é uma porta que alguém precisa cuidar, corrigir e vigiar pelos próximos anos — e é sempre por uma delas que a história começa."
ponto-de-extensao,Ponto de extensão,modelo,natural,,"Lugar previsto no meio da execução de um programa onde código de terceiro é encaixado sem alterar o programa. O git oferece um antes de cada commit; o navegador, antes de cada requisição. Serve para impor regra própria dentro de fluxo alheio, e o preço é que o encaixe roda sempre — inclusive quando atrapalha, e quem chamou não sabe que ele existe."
iam,IAM,modelo,doutrinario,,"IAM (gestão de identidade e acesso) é o conjunto de decisões e sistemas que respondem, para a organização inteira, quem é cada pessoa, o que ela pode fazer, quem autorizou e quando aquilo acaba. Cobre o ciclo completo: admissão, mudança de setor, saída. A falha característica aparece no desligamento. A conta que ninguém desativou porque cada sistema tinha o próprio cadastro e ninguém sabia a lista completa — e o acesso do ex-funcionário continua válido meses depois, sem que isso apareça em relatório nenhum."
identidade-digital,Identidade digital,modelo,natural,iam,"O conjunto de dados pelo qual um sistema reconhece alguém: um identificador, os atributos ligados a ele e as credenciais que provam a ligação. Não é a pessoa — é a representação dela naquele sistema, e a mesma pessoa tem várias. Os dois defeitos são espelhados. Quando duas identidades da mesma pessoa não se conversam, o histórico dela se parte e cada sistema conhece um pedaço. Quando duas pessoas compartilham uma identidade, o registro deixa de responder quem fez o quê, e nenhuma auditoria conserta isso depois."
identidade-por-hash-de-conteudo,Identidade por hash de conteúdo,processo,natural,,"Uso de um algoritmo para gerar uma cadeia única de caracteres (hash) a partir do conteúdo de um arquivo digital, servindo como uma impressão digital para identificar o dado e garantir sua integridade."
modelo-de-dominio-no-codigo,Modelo de domínio no código,processo,doutrinario,ddd,"Levar o desenho feito com o pessoal do negócio para dentro do código, de forma que as classes e os nomes no programa sejam os mesmos da conversa: “apólice”, “sinistro” e “carência” aparecem escritos assim, com as regras que o especialista descreveu. É a etapa em que o desenho se prova ou se desfaz. Quando ninguém faz a travessia, o modelo bonito fica no quadro branco e o programa cresce com outra estrutura — e a partir daí toda conversa entre as duas pontas precisa de uma tradução feita de cabeça, por alguém que às vezes erra."
independencia-gerencial,Independência gerencial dos constituintes,disposicao,doutrinario,sistema-de-sistemas,"Cada sistema constituinte é adquirido, financiado e operado sob autoridade própria e continuaria operando se destacado do conjunto — a independência é de cada peça, não do todo, e é o que torna o conjunto interdependente sem ser hierárquico. Gradiente de Maier/DoD conforme a autoridade central: dirigido, reconhecido, colaborativo, virtual. A costura fica órfã quando o grau é baixo e nenhum integrador é nomeado."
ingerenciabilidade,Ingerenciabilidade,fenomeno,doutrinario,,Perda da capacidade de coordenação e controle central sobre o ecossistema devido à complexidade ou à autonomia excessiva dos arranjos e sistemas constituintes.
inteligencia-coletiva,Inteligência coletiva,fenomeno,doutrinario,,"Capacidade de julgamento que emerge da agregação de juízos independentes e supera a do participante médio, desde que os erros individuais não sejam correlacionados. A independência é condição, não detalhe."
inteligencia-de-ameacas,Inteligência de ameaças,processo,doutrinario,,"Estudar quem ataca, com que motivação e por quais métodos, para decidir o que defender primeiro. Difere de colecionar indicadores soltos — endereços e arquivos maliciosos —, porque o que se busca é o comportamento, que muda devagar, e não o endereço, que muda todo dia. Só se paga quando altera alguma decisão. Se o relatório chega, é lido e não muda prioridade nenhuma de quem opera, virou boletim informativo com nome caro."
interoperabilidade,Interoperabilidade,disposicao,natural,,"Capacidade de sistemas de donos distintos trocarem informação e a usarem com o mesmo sentido, sem acordo bilateral caso a caso. Cobre a camada institucional — padrão comum, quem o mantém, quem adere — além da técnica."
inventario-ativos,Inventário de ativos,modelo,natural,controle-de-seguranca,"Lista do que a organização tem e precisa proteger: servidores, estações, sistemas, bancos de dados, contratos e serviços em nuvem, cada um com um responsável nomeado. É o controle de que todos os outros dependem, porque não se corrige o que não se sabe que existe — e a falha grave costuma aparecer justamente na máquina que ninguém lembrava. Sem dono nomeado, a lista existe e não move nada: aparece a pendência e não há a quem atribuí-la."
kafka,Kafka,modelo,doutrinario,,"Kafka é uma plataforma que funciona como um diário central de acontecimentos: sistemas publicam eventos (um pedido criado, um pagamento aprovado) num registro ordenado e durável, e outros sistemas leem esse registro no próprio ritmo, cada um do ponto em que parou. O registro não se apaga ao ser lido — quem chega depois relê a história inteira. É o arranjo padrão para ligar muitos sistemas sem que cada par precise de conexão própria."
legibilidade-do-sistema,Legibilidade do sistema,disposicao,doutrinario,,"O domínio está inscrito e documentado, mas a superfície não sinaliza as fronteiras — o que é fachada e o que é substrato, qual porta dá no mesmo dado — e o consumidor não extrai o modelo. Distinto de ausência de inscrição e de disputa de autoridade."
lei-de-brooks,Lei de Brooks,fenomeno,doutrinario,,"Colocar mais gente num projeto de software atrasado atrasa o projeto ainda mais. O mecanismo é duplo: quem chega precisa ser treinado por quem já produz, e cada pessoa nova multiplica os canais de comunicação do time — dez pessoas são 45 pares conversando, e coordenar vira o trabalho. Vale para trabalho que não se reparte em fatias independentes; tarefa divisível de verdade escapa da lei."
lei-de-conway,Lei de Conway,fenomeno,doutrinario,,"O sistema que uma organização constrói acaba com o mesmo formato da organização. Três equipes que mal se falam produzem três pedaços que mal conversam, e nenhuma decisão técnica evita isso por muito tempo. A razão é simples: o que uma equipe não combina com a outra, ela resolve sozinha, e o limite entre as duas vira limite dentro do produto. Daí a consequência que costuma chocar — se o desenho pretendido não bate com a forma de conversar das equipes, ou muda o desenho, ou muda quem fala com quem; insistir nos dois deixa como está."
loop-agentico,Loop agêntico,processo,doutrinario,,"O ciclo que um programa autônomo repete até terminar: olha o estado, decide a próxima ação, executa, lê o que voltou e recomeça. Cada volta custa tempo e dinheiro, e é dentro dela que se põe o critério de parada — sem um, o ciclo não sabe quando acabou e gira até alguém desligar."
lora-e-qlora,LoRA e QLoRA,modelo,doutrinario,,"Modo barato de adaptar um modelo grande sem retreinar tudo: os números originais ficam congelados e treina-se um acréscimo pequeno ao lado, que se soma a eles no uso. O QLoRA é o mesmo com o modelo de base guardado com menos casas, o que faz a operação caber numa placa de vídeo comum. O resultado é um arquivo de poucos megabytes que se acopla e se desacopla, e dá para manter várias adaptações sobre o mesmo modelo."
maturidade-seguranca,Maturidade de segurança,disposicao,doutrinario,modelo-maturidade,"Descrever em que estágio está a segurança de uma organização, do improviso à rotina medida e melhorada, para dizer qual é o próximo passo em vez de só apontar tudo que falta. A utilidade é sequenciar: certas práticas não param de pé antes de outras existirem — não adianta caçar vulnerabilidade sem saber quais máquinas você tem. O uso ruim é virar nota de boletim. Quando a nota vira meta, otimiza-se o número declarado, e ele sobe sem que nada tenha mudado na prática."
memoria-organizacional,Memória organizacional,processo,doutrinario,,"Toda organização já resolveu antes o problema que está resolvendo agora, e em geral não sabe disso. A memória organizacional é o que ficou guardado do passado — em documento, em sistema, em procedimento e na cabeça das pessoas — e que pode voltar a ser usado para decidir hoje.

O gargalo quase nunca é guardar; é achar na hora certa. Registro que ninguém encontra no momento da decisão não é memória, é depósito. Por isso o esforço pesa mais em como as coisas são nomeadas, indexadas e trazidas à tona do que em quanto se escreve — organização que documenta tudo e não recupera nada continua decidindo do zero."
menor-privilegio,Menor privilégio,modelo,doutrinario,autorizacao,Princípio de segurança que concede a usuários e sistemas apenas o acesso mínimo necessário para a realização de suas tarefas.
metadados-fair,Metadados FAIR,modelo,doutrinario,,"FAIR é um conjunto de quatro exigências para um dado publicado: que dê para achar, que dê para acessar, que dê para combinar com dados de outra origem e que dê para reusar em outro contexto — do inglês findable, accessible, interoperable, reusable.

O que costuma escapar é que as quatro se resolvem na descrição do dado, não no dado em si. Achar depende de identificador estável e ficha de descrição; combinar depende de o dado declarar em que vocabulário está escrito; reusar depende de licença explícita dizendo que pode. Publicar a planilha sem nada disso cumpre a aparência e falha nas quatro exigências."
meta-governanca-normativa,Meta-governança normativa,modelo,doutrinario,,"Governança da governança. Abordagem para gerenciar e combinar diferentes estilos de governança — como hierárquica, de mercado e em rede — de forma contextualizada."
modelagem-conceitual,Modelagem conceitual,modelo,doutrinario,,"Antes de escolher banco de dados ou desenhar tela, alguém precisa dizer que coisas existem no assunto tratado e como se ligam: o que é um processo, o que é uma peça dentro dele, se a mesma peça pode estar em dois processos ao mesmo tempo. Modelagem conceitual é esse desenho, feito na linguagem do assunto e não na da tecnologia.

O que a separa de outros desenhos é o objeto. Aqui as coisas modeladas são as do mundo tratado — processo, documento, pessoa —, não a estrutura de quem trabalha nele, nem as tabelas e arquivos onde isso vai ser guardado depois. Errar nessa camada sai caro porque as duas seguintes são construídas em cima dela."
modelagem-de-ameacas,Modelagem de ameaças,modelo,doutrinario,,"Sentar antes de construir e perguntar, sobre o desenho: o que pode dar errado aqui, quem se beneficiaria disso, e o que a gente faz a respeito. Trabalha sobre o desenho, não sobre o sistema pronto — mudar por onde os dados passam custa pouco num diagrama e custa caro em produção com clientes. A saída é uma lista de ameaças com decisão ao lado, e aceitamos esse risco é decisão legítima, desde que fique escrita com nome de quem aceitou."
modelagem-organizacional,Modelagem organizacional,processo,doutrinario,,"Representar como a organização é feita — quem responde pelo quê, que unidades existem, quais papéis, quem manda em quem e quem coopera com quem — num modelo que se possa discutir e comparar com alternativas. O que se ganha é poder discordar sobre algo concreto: enquanto a estrutura só existe na prática e no hábito, discutir mudança vira troca de impressões; posta num modelo, aparece a unidade sem dono, a responsabilidade que está em dois lugares e a que ninguém assumiu. É diferente de modelar o assunto do negócio: aqui o objeto é a casa, não o que se faz dentro dela."
modelo-de-confianca,Modelo de confiança,modelo,doutrinario,,"Como a confiança se origina e se propaga num sistema: o que se aceita por decisão, o que se deriva, e por que caminho. Distingue os arranjos hierárquico, em teia e por ponte. Responde de onde vem a confiança, não que controle a protege."
modelo-maturidade,Modelo de maturidade,modelo,doutrinario,,"Estágio contra o qual a capacidade e o desempenho de uma organização ou processo são medidos e melhorados, refletindo a previsibilidade dos resultados ao longo do tempo."
modelos-de-raciocinio,Modelo de raciocínio,modelo,doutrinario,,"Modelo treinado para pensar antes de responder: os passos intermediários vêm do treino, não de um pedido bem escrito. Na prática, mandar ""pense passo a passo"" acrescenta pouco a ele, e o que se regula é quanto esforço deixá-lo gastar antes de concluir. Custa mais caro e demora mais por resposta, o que só compensa em problema difícil."
modelos-embedding,Modelo de embedding,modelo,doutrinario,embeddings,"Programa que faz a conversão de texto em coordenada. A escolha dele é um compromisso, não um detalhe: cada um desenha o próprio espaço, e coordenadas produzidas por programas diferentes não se comparam entre si. Trocar obriga a refazer tudo o que já estava guardado — as coordenadas antigas não ficam erradas, ficam incomparáveis, e a busca passa a devolver bobagem sem acusar erro nenhum."
monitoramento-continuo,Monitoramento contínuo,processo,natural,controle-de-seguranca,Acompanhamento automatizado e em tempo real de redes e sistemas para detectar ameaças e vulnerabilidades continuamente.
monte-carlo-tree-search,Monte Carlo Tree Search,processo,doutrinario,busca-em-arvore,"Método de escolher galhos jogando dados: em vez de avaliar todas as continuações, sorteia algumas até o fim, vê quais deram bom resultado e passa a explorar mais onde a amostra foi melhor. Dispensa alguém escrever uma fórmula de quanto vale cada posição — a amostragem substitui esse julgamento. Em troca precisa de muitas amostras, e se engana quando o bom caminho é raro o bastante para o sorteio não encontrar."
movimento-lateral,Movimento lateral,processo,natural,taticas-e-tecnicas-adversarias,"Conjunto de técnicas em que um invasor, após a entrada inicial em uma rede, espalha seu alcance para outros sistemas e dispositivos em busca de ativos de maior valor."
mundo-vs-convencao,Mundo vs. convencao,modelo,doutrinario,,"Um modelo pode estar fazendo duas coisas bem diferentes: descrever como as coisas são, independentemente do que alguém decida, ou registrar um acordo que um grupo tomou e poderia ter tomado de outro jeito. ""Todo pagamento tem um pagador"" é do primeiro tipo. ""Processo parado há mais de cinco anos vai para o arquivo intermediário"" é do segundo.

Saber de qual tipo é cada afirmação decide como se muda depois. O que é do mundo só muda se estivermos errados sobre ele, e a correção é do modelo. O que é convenção muda quando o grupo decide mudar — e aí é preciso saber quem tem autoridade para decidir e o que acontece com tudo que já foi registrado sob a regra antiga."
negar-por-padrao,Negar por padrão,modelo,doutrinario,controle-de-seguranca,"Conceder só o necessário à função, pelo tempo necessário."
objetivos-de-recuperacao,Objetivos de recuperação,modelo,doutrinario,,"Dois números combinados antes da crise. Quanto tempo o serviço pode ficar fora até o prejuízo virar inaceitável, e quanto trabalho recente se aceita perder — se o backup é de seis horas atrás, perdem-se seis horas de lançamentos. Eles não descrevem o que o sistema faz hoje: são a meta que decide quanto se investe em redundância e em backup. Quem nunca os escreveu descobre os dois valores reais no dia do desastre, e costuma descobrir que eram muito piores do que qualquer um supunha."
ocr,OCR,processo,natural,extracao-dados,"Recuperação do texto contido numa imagem de documento. Caso de extração em que a fonte não tem camada de texto: o que existe é o desenho das letras, e a leitura é inferida do desenho. Herda de extração o compromisso de preservar o que estava lá, e acrescenta a cadeia de decisões que a fonte digital dispensa — orientação, escrita, idioma, segmentação da página."
okr,OKR,modelo,doutrinario,gestao-por-metricas,"OKR quer dizer objetivos e resultados-chave. Escolhem-se poucos objetivos para um trimestre e, para cada um, dois ou três números que dirão se ele foi alcançado. O objetivo é uma frase em português sobre o que se quer mudar; os resultados-chave são o que decide a discussão no fim do ciclo, quando a memória de todo mundo já ficou conveniente. A regra que dá liga é que resultado-chave não pode ser tarefa. Lançar o aplicativo é coisa feita; metade dos atendimentos passar a começar pelo aplicativo é mudança acontecida. Trocar a segunda pela primeira devolve a organização à lista de entregas com nome novo, e é o erro mais comum de quem adota."
ontologia-fundacional,Ontologia fundacional,modelo,doutrinario,,"Ao modelar qualquer assunto, algumas perguntas se repetem sempre: isto é uma coisa que persiste no tempo ou um acontecimento que se desenrola? é propriedade de outra coisa ou existe por si? A ontologia fundacional é o conjunto de categorias mais gerais que já responde essas perguntas de antemão, para que não se decida tudo de novo a cada modelo.

O ganho é duplo: as decisões difíceis vêm resolvidas com fundamentação pronta, e dois modelos de assuntos distintos construídos sobre a mesma base conseguem conversar, porque as categorias de cima coincidem. O custo é que a base impõe distinções que às vezes parecem filosofia demais para o problema que se tem em mãos."
ontologia-juridica,Ontologia juridica,modelo,doutrinario,,"Um casamento, uma multa e um mandato de deputado não existem fisicamente: existem porque uma norma diz que existem e porque as pessoas agem como se existissem. A ontologia jurídica é o desenho dessas entidades — as que nascem de norma, valem enquanto a norma valer e somem quando ela é revogada.

Modelar isso pede cuidados que o mundo físico dispensa. A coisa começa e termina por um ato, não por um fato; depende de alguém com poder para criá-la; e pode ser anulada retroativamente, isto é, passar a nunca ter existido. Esse último ponto quebra qualquer sistema construído sobre a premissa de que o passado registrado não muda."
orcamento-publico,Orcamento publico,modelo,instituido,,"Instrumento legal e de planejamento pelo qual o governo estima as receitas e fixa as despesas para um determinado período, visando controlar as finanças públicas e executar as ações governamentais."
orquestracao-multi-agente,Orquestração multi-agente,processo,doutrinario,automacao-processos,"Combinado que faz vários programas autônomos trabalharem no mesmo objetivo sem se atrapalhar: como o trabalho se divide, como eles trocam informação e o que caracteriza terminado. Sem isso, dois deles refazem a mesma coisa, ou escrevem por cima um do outro e o segundo apaga o trabalho do primeiro. O combinado é o desenho, não o programa que o aplica."
orquestrador,Orquestrador,disposicao,natural,,"Peça de software que reparte um trabalho entre vários programas autônomos e controla a ordem: quem faz o quê, o que espera pelo quê, o que acontece quando um falha. É componente identificável — dá para apontar o arquivo e o processo. O combinado que ele faz cumprir é o desenho; ele é a peça que executa o desenho."
pesos-do-modelo,Pesos do modelo,modelo,natural,,"Os números que o treino ajustou e que ficam guardados no arquivo do modelo. São eles que determinam a resposta: mesmo modelo, mesmos números, mesma entrada, mesma saída. Contá-los (""7 bilhões"") dá uma ideia grosseira da capacidade e uma ideia exata do espaço que ele ocupa em disco e em memória. Não confundir com as opções que se regulam na hora de usar, como temperatura: essas não vieram do treino."
pipeline-rag,Pipeline RAG,modelo,doutrinario,,"Montagem em que o modelo, antes de responder, busca trechos numa base própria e responde a partir deles — RAG, sigla inglesa para geração aumentada por recuperação. São duas máquinas: uma que prepara e indexa os documentos, rodando de vez em quando, e outra que a cada pergunta busca e monta o pedido. Serve para responder sobre o que o modelo não viu no treino e para poder mostrar de onde saiu cada afirmação."
plataformas,Plataformas,modelo,natural,,"Base ou estrutura que permite a interação e o funcionamento conjunto de múltiplos componentes, aplicações ou tecnologias, servindo de fundação para a construção de outro software ou hardware."
porta-para-fora-porta-para-dentro,Porta-para-fora vs. porta-para-dentro,fenomeno,doutrinario,,"O arcabouço regula densamente o que rende visibilidade política (compra, benefício, atendimento) e cala sobre a gestão interna e a engenharia que fazem o conjunto funcionar. Procurar: norma de processo de negócio abundante e norma técnica de integração ausente sobre o mesmo objeto."
prevencao-a-fraude,Prevenção a fraude,processo,doutrinario,,"Práticas e controles voltados a impedir, detectar e responder a atos de obtenção de vantagem indevida por engano ou falsidade."
prevencao-de-vazamento,Prevenção de vazamento,modelo,natural,,"Impedir que informação saia por onde não deveria: anexo de e-mail, pendrive, nuvem pessoal, captura de tela. Depende de saber antes o que é sensível. Sem classificação, a ferramenta ou bloqueia tudo e é desligada em uma semana, ou não bloqueia nada e serve de enfeite. E vale lembrar quem mais dispara alarme na vida real: o funcionário que mandou a planilha para o e-mail pessoal para trabalhar no domingo, não o espião — o que muda a resposta de punição para desenho de ferramenta de trabalho."
primitiva-criptografica,Primitiva criptográfica,modelo,natural,,"Peça matemática básica que faz uma coisa só e bem: embaralhar um bloco, gerar o resumo de um arquivo, assinar, combinar uma chave por canal aberto. Ninguém usa uma isolada — sistemas as combinam. E é aí que mora o perigo: primitivas corretas combinadas de um jeito ingênuo produzem sistema quebrado, e o erro não aparece em teste, porque tudo continua cifrando e decifrando normalmente. Por isso a orientação é usar a combinação pronta e revisada, não montar a sua."
procedencia-vs-corretude,Procedência vs. corretude,fenomeno,doutrinario,atestacao-confianca,"O que a garantia cobre: que o artefato é o que foi selado e veio de quem diz ter vindo, ou que o que ele afirma está certo. Sistemas que atestam a primeira são rotineiramente lidos como se atestassem a segunda."
product-discovery,Product discovery,processo,doutrinario,,Processo de compreender as necessidades dos usuários e validar soluções antes de investir recursos no desenvolvimento.
prompt-injection,Prompt injection,processo,doutrinario,,"Ataque contra sistemas de inteligência artificial em que a instrução maliciosa vem escondida no conteúdo que o sistema lê: um trecho de página, um comentário em documento, um e-mail que ele foi resumir. O modelo não distingue com segurança o que é ordem de quem o opera e o que é texto a processar, e acaba obedecendo o texto. Por isso a defesa não é filtrar palavra — é limitar o que o sistema pode fazer sozinho, de modo que obedecer a uma ordem errada não seja suficiente para causar dano."
prontuario-eletronico,Prontuario eletronico,modelo,instituido,,Repositorio de informacoes de saude mantidas de forma eletronica ao longo da vida de um individuo.
qualidade-de-dado,Qualidade de dado,modelo,doutrinario,,"Dado bom não é dado bonito: é dado que serve ao uso que se vai fazer dele. Qualidade de dado é o conjunto de aspectos pelos quais isso se afere — está completo? está certo? está atualizado? dois sistemas dizem a mesma coisa sobre o mesmo caso? — junto do processo que verifica cada um desses aspectos de tempos em tempos.

A confusão mais cara é tomar entrega por validade. O sistema confirma que recebeu o arquivo e todo mundo entende que o dado está bom. O recibo prova que chegou; não prova que o que chegou faz sentido. Sem uma verificação separada, o erro só aparece quando alguém já decidiu alguma coisa com base nele."
quantizacao,Quantização,processo,natural,,"Guardar os números do modelo com menos casas — de 16 bits para 4, por exemplo — para que ele caiba em máquina menor e responda mais rápido. Um modelo que não entrava na placa de vídeo passa a entrar, e é essa a razão de existir da técnica. A troca é qualidade: a perda costuma ser pequena em pergunta simples e maior no que exige encadear passos."
raciocinador,Raciocinador,modelo,doutrinario,,"Programa que calcula as consequências lógicas de um conjunto de axiomas: recebe definições e fatos declarados e devolve o que também é verdade por força deles, sem que ninguém tenha escrito. Opera sobre a classificação declarada, nunca sobre o texto das obras. Devolve hierarquia classificada, realização de indivíduos, classes insatisfatíveis e equivalências não previstas; por hipótese de mundo aberto, não responde sobre completude."
rag-antes-de-fine-tuning,RAG antes de fine-tuning,modelo,doutrinario,,"Diante de um modelo que erra por não conhecer os seus dados, o caminho barato é entregar os documentos na hora da pergunta, e não retreinar o modelo. Retreinar custa preparo de dados, máquina e repetição a cada atualização; entregar documento na hora se corrige editando um arquivo. Retreinar continua servindo para outra coisa — mudar comportamento, formato ou tom —, não para injetar conhecimento que muda toda semana."
raiz-de-confianca,Raiz de confiança,disposicao,doutrinario,modelo-de-confianca,"O ponto de partida que se aceita como confiável porque não há nada abaixo dele para verificá-lo: o chip que confere a assinatura do sistema ao ligar, o certificado que já vem instalado no navegador. Toda verificação seguinte se apoia nele. Duas consequências. Quem controla a raiz controla o que o sistema aceita como verdadeiro. E o comprometimento da raiz não é detectável pelas camadas de cima, que confiam nela por construção — elas continuarão dizendo que está tudo certo."
rbac,RBAC,modelo,doutrinario,autorizacao,"RBAC (controle de acesso por papéis) concede permissões a papéis — atendente, auditor, administrador — e coloca as pessoas nos papéis. Quem muda de setor troca de papel e as permissões acompanham, o que resolve o caos das permissões concedidas uma a uma, no chamado, e nunca retiradas. O defeito conhecido é a multiplicação. Para acomodar exceções criam-se papéis quase iguais, e em pouco tempo há mais papéis do que pessoas — momento em que o modelo voltou a ser lista de nomes, com passos a mais."
recuperacao-semantica,Recuperação semântica,processo,doutrinario,,"Buscar trechos pelo sentido da pergunta em vez das palavras dela: pergunta e trechos viram coordenadas, e devolve-se o que ficou perto. Assim ""demissão sem justa causa"" encontra um texto que só fala em ""rescisão imotivada"". O outro lado é errar por sentido: um trecho próximo no assunto e inútil na resposta também está perto, e nada na busca acusa a diferença."
rede-neural,Rede neural,modelo,doutrinario,,"Modelo feito de camadas de unidades simples ligadas entre si, em que cada ligação carrega um número que o treino ajusta. Nenhuma unidade sabe nada sozinha: a capacidade vem da combinação de muitas. Ter muitas camadas — o tal ""profundo"" — muda o grau e não a natureza, permitindo representar coisa mais composta com o mesmo mecanismo."
regime-de-classificacao,Regime de classificação,modelo,instituido,classificacao-da-informacao,"Arranjo legal que define os graus de sigilo, quem tem competência para atribuir cada um, por quanto tempo valem e como são reavaliados. É o que diferencia sigilo de opacidade. Fora das hipóteses previstas e sem autoridade competente, a informação é pública, e recusar entregá-la é ilegal ainda que pareça prudente a quem a guarda. O prazo também é parte do regime: sigilo sem data de fim não é sigilo, é sumiço."
requisitos-sigad,Requisitos de SIGAD,modelo,instituido,,"SIGAD é o nome que se dá a um sistema capaz de gerir documentos de arquivo com validade — porque guardar arquivo digital é fácil, difícil é preservar a prova. Os requisitos de SIGAD são a lista do que um sistema desses tem que fazer: capturar o documento no momento em que é produzido, classificá-lo, aplicar prazo de guarda, registrar tudo que aconteceu com ele e mantê-lo legível décadas depois.

A lista é a régua, não o produto. Ela existe para avaliar sistemas — os que já se tem e os que se pretende comprar. E é comum um software vendido como gestão documental cumprir a parte fácil, o armazenamento, e falhar justamente no que dá validade: a trilha do que foi feito e o controle de prazos."
resiliencia-sistemas,Resiliência de sistemas,disposicao,natural,sistemas-distribuidos,"Comportamento sob falha parcial: o que continua servindo, o que degrada e o que cai junto. Inclui a decisão deliberada de servir pior em vez de não servir."
rest,REST,modelo,doutrinario,api,"REST é um jeito de desenhar APIs na web em que cada coisa do sistema — um cliente, um pedido — tem um endereço próprio (uma URL), e todas se manipulam com o mesmo punhado de verbos: buscar, criar, atualizar, apagar. O servidor não guarda memória da conversa entre uma chamada e outra; cada chamada carrega tudo de que precisa. A uniformidade é o ganho: quem aprende a usar um recurso sabe usar todos."
retencao-e-descarte,Retenção e descarte,modelo,instituido,,"Definir por quanto tempo cada tipo de informação fica guardada e o que se faz quando o prazo acaba: eliminar, anonimizar ou recolher ao arquivo permanente. Guardar para sempre não é o lado seguro da escolha — é acumular risco e custo, porque o dado que não existe mais não vaza, não é pedido em processo e não precisa ser protegido. O prazo vem de fora: da lei e da necessidade real do trabalho, nunca da capacidade do disco."
retencao-estrutural,Retenção estrutural,disposicao,doutrinario,armadilha-de-capacidade,"O conhecimento caro fica inscrito em artefato consultável (modelo público, contrato tipado, selo, ferramenta distribuída) em vez de na memória de quem o construiu, e por isso é absorvível por quem não o produziu. Arquitetura que retém não é o mesmo que instituição que sustenta."
reuso-de-modelos,Reuso de modelos,modelo,natural,,"Antes de desenhar do zero como representar endereço, pessoa ou processo, quase sempre já existe desenho pronto — de um padrão internacional, de outro órgão, de um projeto anterior. Reuso é adotar esse desenho em vez de inventar o próprio, aceitando junto as escolhas que quem o fez já tomou.

A troca é explícita: ganha-se tempo e a chance de conversar com quem usa o mesmo desenho, perde-se liberdade para modelar o caso do jeito que caberia melhor. Compensa quando o assunto é comum a muita gente; não compensa quando o que se está modelando é justamente aquilo que a organização faz diferente de todo mundo."
reuso-de-conhecimento-arquitetural,Reúso de conhecimento arquitetural,processo,doutrinario,,"As decisões estruturais de um sistema são caras de tomar e caras de refazer, e quase sempre a razão delas nunca sai da cabeça de quem estava na sala. Este é o esforço de capturá-las enquanto ainda se lembra, guardá-las de forma consultável e reaproveitá-las no projeto seguinte. O que se guarda não é o diagrama, é o que estava em jogo: o que foi descartado, o que se aceitou perder, qual restrição valia na época. Sem isso, cada projeto novo recomeça a discussão do zero e a organização paga duas vezes pelo mesmo aprendizado."
sanitizacao-de-midia,Sanitização de mídia,processo,natural,retencao-e-descarte,"Apagar de verdade o conteúdo de um disco, celular ou fita antes de reaproveitar, devolver ou descartar. Apagar o arquivo e formatar não bastam: os dados continuam recuperáveis com ferramenta comum e barata. Conforme a sensibilidade e o destino do equipamento, a medida vai de sobrescrever o disco inteiro a destruí-lo fisicamente. O momento em que isso costuma falhar não é o descarte, é a devolução — equipamento alugado que volta ao fornecedor com tudo dentro."
segmentacao-de-rede,Segmentação de rede,processo,natural,defesa-em-profundidade,"Dividir a rede em partes isoladas, com passagem controlada entre elas, para que quem entrar num pedaço não alcance o resto. A impressora e a máquina do financeiro não têm por que se enxergar. É o que transforma uma invasão em incidente contido, em vez de incidente total. Também é a medida que mais dói implementar depois de tudo pronto, porque revela dependências que ninguém documentou — e cada uma delas aparece na forma de um sistema que parou."
segmentacao-produto,Segmentação de produto,modelo,doutrinario,,Estratégia de dividir o mercado em grupos com características e necessidades comuns para orientar o desenvolvimento e o marketing de produtos.
segregacao-de-funcoes,Segregação de funções,modelo,doutrinario,controle-de-seguranca,Nenhuma pessoa concentra as etapas que se controlam mutuamente.
seguranca-por-concepcao,Segurança por concepção,modelo,doutrinario,,"Tratar segurança como requisito do desenho, junto com o resto, e não como revisão no fim. A razão é econômica antes de ser técnica: mudar por onde os dados passam custa pouco num diagrama e custa caro num sistema em produção com clientes dentro. Na prática significa decidir cedo o que é sensível, quem acessa o quê e o que acontece quando algo falha — decisões que, tomadas tarde, só cabem como remendo por cima."
previsao-de-falha-de-vocabulario,Previsão de falha de vocabulário,modelo,doutrinario,,"Listas de termos oficiais implantadas em órgãos públicos fracassam quase sempre pelas mesmas razões, e dá para prever qual delas vai pegar antes de implantar. A previsão sai de comparar, em seis pontos, duas tradições que fazem esse trabalho de formas opostas: a de bibliotecas e arquivos, que busca um vocabulário único válido para todo mundo, e a do desenvolvimento de software, que aceita vocabulários diferentes convivendo, cada um valendo num pedaço da organização.

Os seis pontos são exatamente onde elas discordam: quem tem autoridade para nomear, se pode haver mais de um nome válido para a mesma coisa, com que frequência a lista muda, quem a mantém viva, o que se faz quando duas áreas discordam e o que acontece com o que já foi classificado sob o termo antigo. Cada discordância aponta um modo de falha concreto — a serventia é olhar um projeto em curso e dizer por onde ele vai quebrar."
self-consistency,Autoconsistência,processo,doutrinario,chain-of-thought,"Fazer a mesma pergunta várias vezes, deixando o modelo raciocinar por caminhos diferentes, e ficar com a resposta que mais se repetiu. A aposta é que o erro se espalha e o acerto converge. Custa tantas execuções quantas forem as tentativas, então se usa onde errar sai caro — e não funciona quando o modelo erra sempre do mesmo jeito, porque aí a maioria também erra."
servico-compartilhado-generico-cross,Serviço compartilhado genérico cross,modelo,doutrinario,,Modelo de organização por processos que centraliza serviços transversais e de apoio comuns a diversas áreas da organização.
shape-up,Shape Up,modelo,doutrinario,,"Metodologia de desenvolvimento de produto que substitui backlogs por ciclos fixos de trabalho (geralmente de 6 semanas) com escopo flexível, focada em moldar, apostar e construir soluções com autonomia."
sistema-de-sistemas,Sistema de sistemas,modelo,doutrinario,,"Conjunto cujos constituintes mantêm independência operacional e gerencial, evoluem em ritmos próprios e produzem comportamento emergente não atribuível a nenhum deles. Distinto de sistema distribuído: ali os nós são distribuídos e o dono é um; aqui os donos são vários."
sistemas-distribuidos,Sistemas distribuídos,modelo,natural,,"Vários computadores ligados em rede trabalhando num serviço só que, de fora, parece um. É o arranjo normal de qualquer coisa que atenda muita gente. O que caracteriza esse mundo é o tipo de problema que ele cria e que a máquina única não tem: a rede atrasa, uma das máquinas cai enquanto as outras continuam, e nenhuma delas sabe se a vizinha morreu ou está apenas lenta. Quase toda a dificuldade vem daí — não de dividir o trabalho, mas de decidir o que fazer quando uma parte responde e a outra não."
skills,Skill,modelo,doutrinario,engenharia-contexto,"Pasta com instruções e arquivos de apoio que o modelo carrega só quando a tarefa pede — como sua empresa formata um relatório, por exemplo. O ganho é não pagar aquele texto em toda conversa: o que não foi carregado não ocupa espaço nem distrai. Os pesos do modelo não mudam; muda o que ele tem à mão na hora."
soberania-tecnologica,Soberania tecnológica,disposicao,doutrinario,,"Capacidade de Estados e comunidades de exercer controle autônomo sobre tecnologias, infraestruturas digitais e dados, reduzindo dependências externas e garantindo a autodeterminação no espaço digital."
software-delivery,Software delivery,processo,natural,,"O caminho que uma mudança percorre desde a linha de código escrita até estar funcionando para quem usa: montar, testar, publicar, acompanhar. Vale olhar esse caminho como uma coisa só porque o que atrasa entrega raramente é a digitação — é a espera: o teste que só roda de madrugada, a janela de publicação quinzenal, a aprovação de quem está de férias. Medir quanto tempo a mudança leva de ponta a ponta, e quantas vezes ela volta com defeito, diz mais sobre a equipe do que medir quanto código ela produziu."
software-livre,Software livre,modelo,doutrinario,,"Programa de computador que pode ser usado, copiado, estudado e redistribuído sem restrições, atendendo às quatro liberdades essenciais definidas pela Free Software Foundation."
substrato-de-hospedagem,Substrato de hospedagem,disposicao,natural,regime-de-classificacao,Infraestrutura ou base tecnológica subjacente que suporta o armazenamento e a execução de aplicações dentro de um regime de classificação.
superficie-de-ataque,Superfície de ataque,disposicao,natural,,Conjunto de pontos de entrada e vulnerabilidades que um invasor pode explorar para violar um sistema ou rede.
taticas-e-tecnicas-adversarias,Táticas e técnicas adversárias,modelo,doutrinario,,"Catálogo do que atacantes de fato fazem, organizado por objetivo — entrar, se manter, ganhar mais poder, levar o dado — e pelos jeitos conhecidos de conseguir cada um. Serve para sair do genérico. Em vez de perguntar se estamos protegidos, permite perguntar se a organização detecta cada técnica específica, uma por uma. A resposta costuma ser desconfortável, e é exatamente por isso que a lista é útil: ela transforma sensação em lacuna endereçável."
teia-de-confianca,Teia de confiança,modelo,doutrinario,modelo-de-confianca,"Arranjo em que a confiança se acumula por endossos laterais entre pares, sem autoridade central que a origine. Contraste canônico do modelo hierárquico."
teste-de-contrato,Teste de contrato,modelo,natural,,"Duas partes do sistema conversam por uma interface combinada. O teste de contrato verifica, de cada lado separadamente, que o combinado está sendo cumprido: quem consome grava o que espera receber, quem fornece roda isso contra si mesmo e descobre na hora se quebrou alguém. A vantagem é não precisar subir os dois sistemas juntos para testar, o que fica impraticável quando são vinte. E é diferente de ter a interface escrita — escrever o que se promete é uma coisa, ter uma máquina conferindo, toda vez, que a promessa continua valendo é outra."
teste-de-intrusao,Teste de intrusão,processo,natural,,"Ataque simulado e autorizado para descobrir se as falhas de um sistema são realmente exploráveis e até onde alguém chega a partir delas. Difere da varredura automática, que aponta falhas possíveis: aqui alguém tenta e demonstra. O resultado vale pelo momento e pelo escopo combinados — nada encontrado quer dizer que naquela semana, naquele recorte, aquela equipe não achou. Não é atestado, é fotografia."
tipologia-de-controles,Tipologia de controles,modelo,doutrinario,controle-de-seguranca,"Classificar controles pelo momento em que agem: antes, para impedir; durante, para detectar; depois, para corrigir. Serve para achar buraco na cobertura. Muita organização tem tranca e nenhum alarme, e descobre a invasão pelo cliente que ligou reclamando. Os três se apoiam mutuamente: prevenir sem detectar é apostar que a tranca nunca falha, e detectar sem ter o que fazer depois é assistir ao prejuízo em tempo real."
titularidade-do-core,Titularidade do core,modelo,doutrinario,armadilha-de-capacidade,"Quem opera e evolui o domínio central, e o que é delegado como genérico. Falha: core entregue sob escopo fechado a fornecedor. Positivo: genérico terceirizado com o core e sua evolução retidos no dono."
tolerancia-bizantina,Tolerância bizantina,disposicao,doutrinario,sistemas-distribuidos,"O sistema opera corretamente ainda que parte dos participantes minta, falhe arbitrariamente ou aja contra o conjunto. Os nós adversários são parte do modelo, não exceção a ele."
ferramenta-de-agente,Ferramenta de agente,disposicao,natural,,"Função que um programa autônomo pode chamar para fazer algo fora de si: ler um arquivo, consultar um banco, enviar mensagem. É o que separa um sistema que só escreve texto de um que age no mundo. O modelo escolhe qual chamar pela descrição escrita de cada uma, então descrição ambígua produz escolha errada — e o conserto é no texto da descrição, não no modelo."
topologia-de-integracao,Topologia de integração,modelo,natural,sistemas-distribuidos,"Arranjo dos caminhos pelos quais os sistemas se alcançam, e as consequências de cada arranjo sobre acoplamento, ponto único de falha e custo de agregar um novo participante."
transicao-pqc,Transição PQC,processo,doutrinario,,"Substituir os algoritmos de criptografia em uso por outros que resistam a computadores quânticos. Não é troca de biblioteca. É levantar tudo que usa criptografia — quase tudo —, conviver por anos com os dois padrões ao mesmo tempo e cobrar de fornecedores que ainda não entregaram. Começa antes de a ameaça existir por duas razões: a migração leva anos, e o que trafega hoje pode estar sendo guardado para ser aberto quando a máquina existir."
tratamento-de-risco,Tratamento de risco,processo,doutrinario,gestao-de-risco,"Escolher o que fazer com um risco identificado: reduzir, transferir por seguro ou contrato, evitar deixando de fazer a atividade, ou aceitar. Aceitar é decisão legítima e é a mais comum de todas. O que a torna válida é ter dono, prazo e registro. Risco que ninguém tratou não é risco aceito, é risco esquecido — e a diferença entre os dois aparece inteira no dia em que alguém pergunta quem decidiu."
triade-cid,Tríade CID,modelo,doutrinario,,"Modelo fundamental de segurança da informação baseado em três pilares: confidencialidade, integridade e disponibilidade."
trilha-de-auditoria,Trilha de auditoria,modelo,natural,,"Registro de quem fez o quê, quando e sobre qual dado, guardado de modo que quem opera o sistema não consiga alterá-lo. Essa última parte é a que costuma faltar, e é a que decide o caso que importa: quando o suspeito é justamente quem tem acesso de administrador. E a trilha existe para ser lida — registro completo que ninguém consulta produz a sensação de controle sem nenhum controle, o que é pior do que não ter."
trunk-based-development,Trunk-based development,modelo,natural,,"Trunk-based development é a prática de todo desenvolvedor integrar o próprio código ao ramo principal do repositório pelo menos uma vez por dia, em vez de trabalhar semanas num ramo separado. Ramo que vive muito acumula divergência, e juntar tudo no fim vira um conflito grande e arriscado; a integração diária mantém os conflitos pequenos e o principal sempre perto de publicável. Trabalho inacabado convive no principal atrás de uma chave que o mantém desligado, não em ramo à parte."
validacao-de-ontologias,Validacao de ontologias,processo,doutrinario,,"Um modelo pode estar perfeitamente coerente por dentro e ainda assim dizer coisa errada sobre o mundo: nada nele acusa que ""todo processo tem exatamente um responsável"" é falso na organização onde vai rodar. Validar é conferir isso antes do uso — pegar casos reais, principalmente os esquisitos, e ver se o modelo os aceita e classifica como deveria.

São duas conferências distintas, e elas se misturam com frequência. Uma é mecânica e o computador faz sozinho: procurar contradição e categoria que nunca poderá ter nenhum caso. A outra exige gente que conhece o assunto, porque só ela sabe se o que o modelo afirma corresponde ao que de fato acontece. Passar na primeira não diz nada sobre a segunda."
verificabilidade,Verificabilidade,disposicao,doutrinario,modelo-de-confianca,"Propriedade de um sistema cujo resultado pode ser conferido por quem não confia em quem o produziu, sem depender de inspecionar o mecanismo. Distinguir de transparência: publicar o mecanismo não torna o resultado verificável."
vigilancia-epidemiologica,Vigilancia epidemiologica,processo,instituido,,"Processo sistemático e contínuo de coleta, análise, interpretação e disseminação de informações para a detecção e prevenção de doenças e agravos à saúde."
zero-trust,Zero Trust,modelo,doutrinario,,"Desenho em que estar dentro da rede não confere direito nenhum. Cada pedido é verificado outra vez — quem pede, de qual dispositivo, para qual recurso — venha ele de fora ou da mesa ao lado. Nasceu da constatação de que o perímetro deixou de corresponder ao trabalho real, com gente em casa e sistema em nuvem. O custo de entrada é ter identidade e inventário confiáveis: sem eles a verificação constante apenas decide com informação errada, muitas vezes por segundo."
