dominio,subdominio,titulo,colecao,classificado_por,classificado_em
"","",10 Ways to Tell if Your President Is a Dictator,pessoal,"",""
"","",1808,pessoal,"",""
"","",1889,pessoal,"",""
"","",23 Things They Don't Tell You about Capitalism,pessoal,"",""
"","",A diplomacia na construção do Brasil: 1750-2016,pessoal,"",""
"","",A elite do atraso,pessoal,"",""
"","",After the Welfare State: You Can Get It Back,pessoal,"",""
"","",A Mathematician's Lament,pessoal,"",""
"","",Antifragile: Things That Gain from Disorder,pessoal,"",""
"","",Apresentação do PowerPoint,firma,"",""
"","",Aula 2: Variáveis Aleatórias Discretas e Contínuas e suas Principais Distribuições.,pessoal,"",""
"","",Bitcoin White Paper,pessoal,"",""
"","",Bright Minds and Dark Attitudes: Lower Cognitive Ability Predicts Greater Prejudice Through Right-Wing Ideology and Low Intergroup Contact,pessoal,"",""
"","",Diplomacia da ruptura,pessoal,"",""
"","",Economia — Manual do Candidato,pessoal,"",""
"","",Economics: The User's Guide — A Pelican Introduction,pessoal,"",""
"","",Fire and Fury,pessoal,"",""
"","",Fixing the Lower Back/Hip Complex,pessoal,"",""
"","",Fooled by Randomness,pessoal,"",""
"","",Fundamentação da Metafísica dos Costumes,pessoal,"",""
"","",Genghis: Birth of an Empire,pessoal,"",""
"","",Hegel como pensador conservador,pessoal,"",""
"","","História da Geografia — Geografia, Manual do Candidato",pessoal,"",""
"","",História das Relações Internacionais Contemporâneas: da sociedade internacional do século XIX à era da globalização,pessoal,"",""
"","",História do Brasil — Manual do Candidato,pessoal,"",""
"","",How to Win Friends and Influence People,pessoal,"",""
"","",Interdependence and Global Justice,pessoal,"",""
"","",Intermittent Fasting: Your Ultimate Guide,pessoal,"",""
"","",Introduction to Game Theory,pessoal,"",""
"","",Investment Valuation,pessoal,"",""
"","",Macunaíma,pessoal,"",""
"","",Manual de Redação Oficial e Diplomática do Itamaraty,pessoal,"",""
"","","Meditations: A New Translation, with an Introduction, by Gregory Hays",pessoal,"",""
"","",Noções de Direito e Direito Internacional — Manual do Candidato,pessoal,"",""
"","",Nonviolent Communication,firma,"",""
"","",O Corpo Fala,pessoal,"",""
"","","On the Concepts ""State"" and ""State Organs"" in Constitutional Law",pessoal,"",""
"","",Philosophical Investigations,pessoal,"",""
"","",Política Internacional,pessoal,"",""
"","",Por uma outra globalização: do pensamento único à consciência universal,pessoal,"",""
"","","Resumo de MORAES, Antonio Carlos Robert. Geografia: Pequena História Crítica",pessoal,"",""
"","",Sapiens: A Brief History of Humankind,pessoal,"",""
"","","Scale: The Universal Laws of Growth, Innovation, Sustainability and the Pace of Life",pessoal,"",""
"","","Structure, Sign, and Play in the Discourse of the Human Sciences",pessoal,"",""
"","",Teoria dos Direitos Fundamentais,firma,"",""
"","",The Black Swan: The Impact of the Highly Improbable,pessoal,"",""
"","",The Burnout Society,pessoal,"",""
"","",The Dictator's Handbook: Why Bad Behavior is Almost Always Good Politics,pessoal,"",""
"","",The End of the World is Just the Beginning,pessoal,"",""
"","",The State of Dark Data,firma,00000000-0000-0000-0000-000000000002,2026-08-08
"","",The Transparency Society,pessoal,"",""
"","",Tractatus Logico-Philosophicus,pessoal,"",""
"","",Valuation: como precificar ações,pessoal,"",""
arquiteturas,"",A documentation framework for architecture decisions,firma,00000000-0000-0000-0000-000000000002,2026-08-08
arquiteturas,"",An Ontology-based Approach for Domain-driven Design of Microservice Architectures,firma,00000000-0000-0000-0000-000000000002,2026-08-08
arquiteturas,"",A Philosophy of Software Design,firma,00000000-0000-0000-0000-000000000002,2026-08-08
arquiteturas,"",Building Event-Driven Microservices,firma,00000000-0000-0000-0000-000000000002,2026-08-08
arquiteturas,"",Building Microservices (2nd),firma,00000000-0000-0000-0000-000000000002,2026-08-08
arquiteturas,"",Capturing and Using Software Architecture Knowledge for Architecture-Based Software Development,firma,00000000-0000-0000-0000-000000000002,2026-08-08
arquiteturas,"",Cartilha de Governança de Dados — Volume III: Papéis e Responsabilidades de Governança de Dados no Poder Executivo Federal,firma,00000000-0000-0000-0000-000000000002,2026-08-08
arquiteturas,"",Decreto nº 8.777/2016 — Política de Dados Abertos do Poder Executivo federal,firma,00000000-0000-0000-0000-000000000002,2026-08-08
arquiteturas,"",Designing Data-Intensive Applications,firma,00000000-0000-0000-0000-000000000002,2026-08-08
arquiteturas,"","Design Rules, Vol. 1",firma,00000000-0000-0000-0000-000000000002,2026-08-08
arquiteturas,"",Documenting Architecture Decisions,firma,00000000-0000-0000-0000-000000000002,2026-08-08
arquiteturas,"","Domain-Driven Design in Software Development: A Systematic Literature Review on Implementation, Challenges, and Effectiveness",firma,00000000-0000-0000-0000-000000000002,2026-08-08
arquiteturas,"",Enterprise Integration Patterns,firma,00000000-0000-0000-0000-000000000002,2026-08-08
arquiteturas,"",Foundational Principles of Enterprise Business Architecture Methodology,firma,00000000-0000-0000-0000-000000000000,2026-07-31
arquiteturas,"","Guia Prático de Gestão de Processos: gestão que simplifica, conecta e entrega — 2ª edição",firma,00000000-0000-0000-0000-000000000002,2026-08-08
arquiteturas,"",Life beyond Distributed Transactions: an Apostate's Opinion,firma,00000000-0000-0000-0000-000000000002,2026-08-08
arquiteturas,"","Modelo de Maturidade de Dados (MMD) — Poder Executivo Federal, Versão 1.2",firma,00000000-0000-0000-0000-000000000002,2026-08-08
arquiteturas,"",No Silver Bullet: Essence and Accident in Software Engineering,firma,00000000-0000-0000-0000-000000000002,2026-08-08
arquiteturas,"",On the criteria to be used in decomposing systems into modules,firma,00000000-0000-0000-0000-000000000002,2026-08-08
arquiteturas,"",Ontology of architectural design decisions in software-intensive systems,firma,00000000-0000-0000-0000-000000000002,2026-08-08
arquiteturas,"","Systems thinking, systems practice",firma,00000000-0000-0000-0000-000000000002,2026-08-08
arquiteturas,"","Time, Clocks, and the Ordering of Events in a Distributed System",firma,00000000-0000-0000-0000-000000000002,2026-08-08
arquiteturas,arquitetura-dados,DAMA-DMBOK: Data Management Body of Knowledge,firma,00000000-0000-0000-0000-000000000000,2026-07-31
arquiteturas,arquitetura-dados,Data Governance (2nd),firma,00000000-0000-0000-0000-000000000000,2026-07-31
arquiteturas,arquitetura-dados,Data Mesh,firma,00000000-0000-0000-0000-000000000000,2026-07-31
arquiteturas,arquitetura-dados,Expanded Data Architecture Cheat Sheet,firma,00000000-0000-0000-0000-000000000002,2026-08-08
arquiteturas,arquitetura-negocios,BIZBOK Guide,firma,00000000-0000-0000-0000-000000000000,2026-07-31
arquiteturas,arquitetura-negocios,"The TOGAF Standard, Version 9.2",firma,00000000-0000-0000-0000-000000000002,2026-08-04
arquiteturas,arquitetura-software,Clean Architecture: A Craftsman's Guide to Software Structure and Design,firma,00000000-0000-0000-0000-000000000002,2026-08-05
arquiteturas,arquitetura-software,Continuous Architecture in Practice,firma,00000000-0000-0000-0000-000000000000,2026-07-31
arquiteturas,arquitetura-software,Fundamentals of Software Architecture (2025),firma,00000000-0000-0000-0000-000000000000,2026-07-31
arquiteturas,arquitetura-software,Software Architecture in Practice (3rd Edition),firma,00000000-0000-0000-0000-000000000002,2026-08-04
arquiteturas,design-dominios,Architecture Modernization,firma,00000000-0000-0000-0000-000000000000,2026-07-31
arquiteturas,design-dominios,Domain-Driven Design,firma,00000000-0000-0000-0000-000000000000,2026-07-31
arquiteturas,design-dominios,Implementing Domain-Driven Design,firma,00000000-0000-0000-0000-000000000000,2026-07-31
arquiteturas,design-dominios,Learning Domain-Driven Design,firma,00000000-0000-0000-0000-000000000000,2026-07-31
arquiteturas,design-dominios,Software Architecture Knowledge Management: Theory and Practice,firma,00000000-0000-0000-0000-000000000000,2026-07-31
capacidade-estatal,ce-fundamentacao,Absorptive Capacity: A New Perspective on Learning and Innovation,firma,00000000-0000-0000-0000-000000000002,2026-08-08
capacidade-estatal,ce-fundamentacao,Affordances and Information Systems Research: Taking Stock and Moving Forward,firma,00000000-0000-0000-0000-000000000002,2026-08-08
capacidade-estatal,ce-fundamentacao,A Foundation for the Study of IT Effects: A New Look at DeSanctis and Poole's Concepts of Structural Features and Spirit,firma,00000000-0000-0000-0000-000000000002,2026-08-08
capacidade-estatal,ce-fundamentacao,"Agendas, Alternatives, and Public Policies 2/E",firma,00000000-0000-0000-0000-000000000002,2026-08-08
capacidade-estatal,ce-fundamentacao,Analysing policy,firma,00000000-0000-0000-0000-000000000002,2026-08-08
capacidade-estatal,ce-fundamentacao,A Qualitative Study of Legacy Systems Modernisation for Citizen-Centric Digital Government,firma,00000000-0000-0000-0000-000000000002,2026-08-08
capacidade-estatal,ce-fundamentacao,Arranjos institucionais e capacidades estatais em nível subnacional: a política de educação em direitos humanos de São Paulo,firma,00000000-0000-0000-0000-000000000002,2026-08-08
capacidade-estatal,ce-fundamentacao,Building State Capability,firma,00000000-0000-0000-0000-000000000002,2026-08-08
capacidade-estatal,ce-fundamentacao,Capacidades estatais e seus efeitos nas políticas municipais de educação,firma,00000000-0000-0000-0000-000000000002,2026-08-08
capacidade-estatal,ce-fundamentacao,"Contratos, códigos e controle: a influência das big techs no Estado brasileiro",firma,00000000-0000-0000-0000-000000000002,2026-08-08
capacidade-estatal,ce-fundamentacao,Critical Realism and Affordances: Theorizing IT-Associated Organizational Change Processes,firma,00000000-0000-0000-0000-000000000002,2026-08-08
capacidade-estatal,ce-fundamentacao,Diagnostic Model for IT Governance Assessment in Federal Public Universities (2025) - RAC,firma,00000000-0000-0000-0000-000000000002,2026-08-08
capacidade-estatal,ce-fundamentacao,Dynamics of Organizational Practices and Identities - Oxford Scholarship,firma,00000000-0000-0000-0000-000000000002,2026-08-08
capacidade-estatal,ce-fundamentacao,eGovernment in Africa: Promise and Practice,firma,00000000-0000-0000-0000-000000000002,2026-08-08
capacidade-estatal,ce-fundamentacao,Escaping Capability Traps through Problem-Driven Iterative Adaptation (PDIA),firma,00000000-0000-0000-0000-000000000002,2026-08-08
capacidade-estatal,ce-fundamentacao,"Fichamento: Andrews, Pritchett & Woolcock — Building State Capability",firma,00000000-0000-0000-0000-000000000002,2026-08-08
capacidade-estatal,ce-fundamentacao,Governança de Tecnologia da Informação: a meio caminho entre o isomorfismo e a comoditização,firma,00000000-0000-0000-0000-000000000002,2026-08-08
capacidade-estatal,ce-fundamentacao,"Governança Digital: Plataformas de internet, soberania digital e inteligência artificial",firma,00000000-0000-0000-0000-000000000002,2026-08-08
capacidade-estatal,ce-fundamentacao,INOVAÇÃO ABERTA E JUSTIÇA DIGITAL: transformação disruptiva do Judiciário por meio da colaboração com empresas startups,firma,00000000-0000-0000-0000-000000000002,2026-08-08
capacidade-estatal,ce-fundamentacao,Metis AI: The Overlooked Middle Zone Between AI-Native and World-Movers,firma,00000000-0000-0000-0000-000000000002,2026-08-08
capacidade-estatal,ce-fundamentacao,O impacto do modelo gerencial na Administração Pública: um breve estudo sobre a experiência internacional recente,firma,00000000-0000-0000-0000-000000000002,2026-08-08
capacidade-estatal,ce-fundamentacao,Percepções sobre um Processo de Software sob o Ponto de Vista das Equipes de Desenvolvimento: Um Estudo de Caso,firma,00000000-0000-0000-0000-000000000002,2026-08-08
capacidade-estatal,ce-fundamentacao,Persistent Implementation Failure in Development:,firma,00000000-0000-0000-0000-000000000002,2026-08-08
capacidade-estatal,ce-fundamentacao,Policy Paradox,firma,00000000-0000-0000-0000-000000000002,2026-08-08
capacidade-estatal,ce-fundamentacao,Problem definition in policy analysis,firma,00000000-0000-0000-0000-000000000002,2026-08-08
capacidade-estatal,ce-fundamentacao,Seeing Like a State,firma,00000000-0000-0000-0000-000000000002,2026-08-08
capacidade-estatal,ce-fundamentacao,Sensemaking in Organizations,firma,00000000-0000-0000-0000-000000000002,2026-08-08
capacidade-estatal,ce-fundamentacao,Soberania Digital e Inteligência Artificial no Brasil,firma,00000000-0000-0000-0000-000000000002,2026-08-08
capacidade-estatal,ce-fundamentacao,Soberania digital: para quê e para quem? Análise conceitual e política do conceito a partir do contexto brasileiro,firma,00000000-0000-0000-0000-000000000002,2026-08-08
capacidade-estatal,ce-fundamentacao,"Social Media Use in Organizations: Exploring the Affordances of Visibility, Editability, Persistence, and Association",firma,00000000-0000-0000-0000-000000000002,2026-08-08
capacidade-estatal,ce-fundamentacao,"Sociomateriality: Challenging the Separation of Technology, Work and Organization",firma,00000000-0000-0000-0000-000000000002,2026-08-08
capacidade-estatal,ce-fundamentacao,Strengthening Metis Around Routine Health Information Systems in Developing Countries,firma,00000000-0000-0000-0000-000000000002,2026-08-08
capacidade-estatal,ce-fundamentacao,"Tecnologias da informação, concentração de conhecimentos e relações internacionais: a atuação da Microsoft no Brasil",firma,00000000-0000-0000-0000-000000000002,2026-08-08
capacidade-estatal,ce-fundamentacao,Teoria dos Custos de Transação e Mecanismos de Governança na Administração Pública,firma,00000000-0000-0000-0000-000000000002,2026-08-08
capacidade-estatal,ce-fundamentacao,The Ecological Approach to the Visual Perception of Pictures,firma,00000000-0000-0000-0000-000000000002,2026-08-08
capacidade-estatal,ce-fundamentacao,The effects of communication networks on shared social identity and group performance,firma,00000000-0000-0000-0000-000000000002,2026-08-08
capacidade-estatal,ce-fundamentacao,The impact of IT governance and management on the performance of Brazilian public-sector organizations,firma,00000000-0000-0000-0000-000000000002,2026-08-08
capacidade-estatal,ce-fundamentacao,The impact of legacy systems on digital transformation in European public administration: Lesson learned from a multi case analysis,firma,00000000-0000-0000-0000-000000000002,2026-08-08
capacidade-estatal,ce-fundamentacao,The Role of Agile Values in Enhancing Good Governance in Public Administration during the COVID-19 Crisis: An International Survey,firma,00000000-0000-0000-0000-000000000002,2026-08-08
capacidade-estatal,ce-fundamentacao,The Social Psychology of Organizing — second edition,firma,00000000-0000-0000-0000-000000000002,2026-08-08
capacidade-estatal,ce-fundamentacao,Uma proposta de melhoria para o processo de requisitos em projetos do Núcleo de Práticas de Informática da UFC de Quixadá,firma,00000000-0000-0000-0000-000000000002,2026-08-08
capacidade-estatal,ce-fundamentacao,Uma reforma gerencial da administração pública no Brasil,firma,00000000-0000-0000-0000-000000000002,2026-08-08
capacidade-estatal,ce-fundamentacao,"When Flexible Routines Meet Flexible Technologies: Affordance, Constraint, and the Imbrication of Human and Material Agencies",firma,00000000-0000-0000-0000-000000000002,2026-08-08
capacidade-estatal,ce-fundamentacao,Where Are the Missing Masses? The Sociology of a Few Mundane Artifacts,firma,00000000-0000-0000-0000-000000000002,2026-08-08
capacidade-estatal,ce-implementacao,A bordo do ExpressoBR: uma história do software livre e suas promessas para o Brasil no início do século 21,firma,00000000-0000-0000-0000-000000000002,2026-08-08
capacidade-estatal,ce-implementacao,Academic Literature on Open Source Research & Methods,firma,00000000-0000-0000-0000-000000000002,2026-08-08
capacidade-estatal,ce-implementacao,Adoção de Tecnologia: Um estudo sobre o uso de software livre nas empresas,firma,00000000-0000-0000-0000-000000000002,2026-08-08
capacidade-estatal,ce-implementacao,Arcabouço TI BR V2,firma,00000000-0000-0000-0000-000000000002,2026-08-08
capacidade-estatal,ce-implementacao,Arqueologia SIAPE: Fita Espelho,firma,00000000-0000-0000-0000-000000000002,2026-08-08
capacidade-estatal,ce-implementacao,Arqueologia SIAPE: Manual do Webservice,firma,00000000-0000-0000-0000-000000000002,2026-08-08
capacidade-estatal,ce-implementacao,Auditoria do Arcabouço Normativo de TI da Administração Pública Federal,firma,00000000-0000-0000-0000-000000000002,2026-08-08
capacidade-estatal,ce-implementacao,Autorização para abertura de dispensa eletrônica — Processo Administrativo nº 63397.000910/2026-43,firma,00000000-0000-0000-0000-000000000002,2026-08-08
capacidade-estatal,ce-implementacao,Data-driven-Digital-Innovation-to-Strengthen-Integrity-TCUs-Payroll-Oversight-in-Brazil,firma,00000000-0000-0000-0000-000000000002,2026-08-08
capacidade-estatal,ce-implementacao,Estudo de caso: CadÚnico,firma,00000000-0000-0000-0000-000000000002,2026-08-08
capacidade-estatal,ce-implementacao,Estudo de caso: Caixa Tem,firma,00000000-0000-0000-0000-000000000002,2026-08-08
capacidade-estatal,ce-implementacao,Estudo de caso: CAR/SICAR,firma,00000000-0000-0000-0000-000000000002,2026-08-08
capacidade-estatal,ce-implementacao,Estudo de caso: Estaleiro,firma,00000000-0000-0000-0000-000000000002,2026-08-08
capacidade-estatal,ce-implementacao,Estudo de caso: gov.br,firma,00000000-0000-0000-0000-000000000002,2026-08-08
capacidade-estatal,ce-implementacao,Estudo de caso: Pix,firma,00000000-0000-0000-0000-000000000002,2026-08-08
capacidade-estatal,ce-implementacao,Estudo de caso: RNDS,firma,00000000-0000-0000-0000-000000000002,2026-08-08
capacidade-estatal,ce-implementacao,Estudo de caso: SIGEPE,firma,00000000-0000-0000-0000-000000000002,2026-08-08
capacidade-estatal,ce-implementacao,Estudo de caso: SPED,firma,00000000-0000-0000-0000-000000000002,2026-08-08
capacidade-estatal,ce-implementacao,Estudo de caso: Urna,firma,00000000-0000-0000-0000-000000000002,2026-08-08
capacidade-estatal,ce-implementacao,Estudo Técnico Preliminar 13/2025,firma,00000000-0000-0000-0000-000000000002,2026-08-08
capacidade-estatal,ce-implementacao,Estudo Técnico Preliminar 17/2026,firma,00000000-0000-0000-0000-000000000002,2026-08-08
capacidade-estatal,ce-implementacao,Estudo Técnico Preliminar 22/2025 — infraestrutura de virtualização de servidores (VMware vSphere),firma,00000000-0000-0000-0000-000000000002,2026-08-08
capacidade-estatal,ce-implementacao,Estudo Técnico Preliminar 3/2026 e anexos — Central de Atendimento Multimeios (Contact Center Omnichannel),firma,00000000-0000-0000-0000-000000000002,2026-08-08
capacidade-estatal,ce-implementacao,"Estudo Técnico Preliminar da Contratação — registro de preços para licenças de aplicativos, softwares e sistemas operacionais Microsoft",firma,00000000-0000-0000-0000-000000000002,2026-08-08
capacidade-estatal,ce-implementacao,Implementação de software livre no governo federal: um estudo de caso de adoção do comum,firma,00000000-0000-0000-0000-000000000002,2026-08-08
capacidade-estatal,ce-implementacao,Integração de normativos,firma,00000000-0000-0000-0000-000000000002,2026-08-08
capacidade-estatal,ce-implementacao,Mapeamento normativo do SISP,firma,00000000-0000-0000-0000-000000000002,2026-08-08
capacidade-estatal,ce-implementacao,Nota Técnica SEI nº 8943-2021-ME,firma,00000000-0000-0000-0000-000000000002,2026-08-08
capacidade-estatal,ce-implementacao,Plano de Transformação Digital da Controladoria-Geral da União,firma,00000000-0000-0000-0000-000000000002,2026-08-08
capacidade-estatal,ce-implementacao,"Plano de Transformação Digital do Ministério da Ciência, Tecnologia e Inovação",firma,00000000-0000-0000-0000-000000000002,2026-08-08
capacidade-estatal,ce-implementacao,Plano de Transformação Digital do Ministério da Fazenda,firma,00000000-0000-0000-0000-000000000002,2026-08-08
capacidade-estatal,ce-implementacao,Plano de Transformação Digital do Ministério da Gestão e da Inovação em Serviços Públicos (PTD-MGI),firma,00000000-0000-0000-0000-000000000002,2026-08-08
capacidade-estatal,ce-implementacao,Termo de Referência 32/2026,firma,00000000-0000-0000-0000-000000000002,2026-08-08
capacidade-estatal,ce-implementacao,Um estudo sobre a aceitação e utilização de Software Livre e de Código Aberto na Universidade Federal do Ceará com base na aplicação do modelo UTAUT,firma,00000000-0000-0000-0000-000000000002,2026-08-08
capacidade-estatal,ce-implementacao,Vigilancia-contra-fraudes-Brasil-Relatorio,firma,00000000-0000-0000-0000-000000000002,2026-08-08
capacidade-estatal,ce-normativo,Acórdão 1200/2014-TCU-Plenário — Relatório de Levantamento (TC 023.414/2013-8),firma,00000000-0000-0000-0000-000000000002,2026-08-08
capacidade-estatal,ce-normativo,"Acórdão 1464/2019-TCU-Plenário — Relatório de Auditoria, UFS (TC 019.523/2017-3)",firma,00000000-0000-0000-0000-000000000002,2026-08-08
capacidade-estatal,ce-normativo,"Acórdão 2569/2018-TCU-Plenário — Relatório de Auditoria, SETIC (TC 030.236/2016-9)",firma,00000000-0000-0000-0000-000000000002,2026-08-08
capacidade-estatal,ce-normativo,Acórdão 2591/2021-TCU-Plenário — Relatório de Levantamento (TC 032.462/2019-0),firma,00000000-0000-0000-0000-000000000002,2026-08-08
capacidade-estatal,ce-normativo,"Ato nº 2.436, de 7 de março de 2023 (Anatel)",firma,00000000-0000-0000-0000-000000000002,2026-08-08
capacidade-estatal,ce-normativo,Decreto nº 11.299/2022 — Alteração do Decreto nº 9.612/2018 (políticas públicas de telecomunicações),firma,00000000-0000-0000-0000-000000000002,2026-08-08
capacidade-estatal,ce-normativo,Decreto nº 11.816/2023 — Estrutura Regimental e o Quadro Demonstrativo dos Cargos em Comissão,firma,00000000-0000-0000-0000-000000000002,2026-08-08
capacidade-estatal,ce-normativo,Decreto nº 12.069/2024 — Estratégia Nacional de Governo Digital e Rede Gov.br,firma,00000000-0000-0000-0000-000000000002,2026-08-08
capacidade-estatal,ce-normativo,Decreto nº 12.103/2024 — Estrutura Regimental do Instituto Nacional de Tecnologia da Informação,firma,00000000-0000-0000-0000-000000000002,2026-08-08
capacidade-estatal,ce-normativo,Decreto nº 12.198/2024 — Estratégia Federal de Governo Digital 2024–2027 e Infraestrutura Nacional de Dados,firma,00000000-0000-0000-0000-000000000002,2026-08-08
capacidade-estatal,ce-normativo,Decreto nº 7.579/2011 — Sistema de Administração dos Recursos de Tecnologia da Informação (SISP),firma,00000000-0000-0000-0000-000000000002,2026-08-08
capacidade-estatal,ce-normativo,"Instrução Normativa SGD/ME nº 1 (versão compilada, julho de 2022)",firma,00000000-0000-0000-0000-000000000002,2026-08-08
capacidade-estatal,ce-normativo,"Instrução Normativa SGD/ME nº 94, de 23 de dezembro de 2022",firma,00000000-0000-0000-0000-000000000002,2026-08-08
capacidade-estatal,ce-normativo,"Instrução Normativa SGP-ENAP/MGI nº 11, de 27 de março de 2024",firma,00000000-0000-0000-0000-000000000002,2026-08-08
capacidade-estatal,ce-normativo,"Instrução Normativa SGP-ENAP/SEDGG/ME nº 21, de 2021",firma,00000000-0000-0000-0000-000000000002,2026-08-08
capacidade-estatal,ce-normativo,Lei nº 12.682/2012 — Elaboração e arquivamento de documentos em meios eletromagnéticos,firma,00000000-0000-0000-0000-000000000002,2026-08-08
capacidade-estatal,ce-normativo,"Lei nº 14.129, de 29 de março de 2021",firma,00000000-0000-0000-0000-000000000002,2026-08-08
capacidade-estatal,ce-normativo,Lei nº 14.600/2023 — Organização básica dos órgãos da Presidência da República,firma,00000000-0000-0000-0000-000000000002,2026-08-08
capacidade-estatal,ce-normativo,"Lei nº 15.358, de 24 de março de 2026",firma,00000000-0000-0000-0000-000000000002,2026-08-08
capacidade-estatal,ce-normativo,"Lei nº 8.112, de 11 de dezembro de 1990 — Regime jurídico dos servidores públicos civis da União",firma,00000000-0000-0000-0000-000000000002,2026-08-08
capacidade-estatal,ce-normativo,"Portaria Conjunta SGD/SGP/MGI nº 13, de 2025",firma,00000000-0000-0000-0000-000000000002,2026-08-08
capacidade-estatal,ce-normativo,"Portaria GSI/PR nº 59, de 26 de julho de 2018",firma,00000000-0000-0000-0000-000000000002,2026-08-08
capacidade-estatal,ce-normativo,"Portaria SGD/ME nº 778, de 4 de abril de 2019 — implantação da Governança de TIC",firma,00000000-0000-0000-0000-000000000002,2026-08-08
capacidade-estatal,ce-normativo,"Portaria SGD/MGI nº 6.618, de 25 de setembro de 2024",firma,00000000-0000-0000-0000-000000000002,2026-08-08
capacidade-estatal,ce-normativo,Resolução Anatel nº 715/2019 — Regulamento de Avaliação da Conformidade e de Homologação de Produtos para Telecomunicações,firma,00000000-0000-0000-0000-000000000002,2026-08-08
capacidade-estatal,ce-normativo,"Resolução CPGD/MGI nº 2, de 30 de outubro de 2024",firma,00000000-0000-0000-0000-000000000002,2026-08-08
capacidade-estatal,ce-prescritivo,Cartilha de Governança de Dados — Volume I: Conceitos Iniciais,firma,00000000-0000-0000-0000-000000000002,2026-08-08
capacidade-estatal,ce-prescritivo,Cartilha do Catálogo Nacional de Dados,firma,00000000-0000-0000-0000-000000000002,2026-08-08
capacidade-estatal,ce-prescritivo,CGEIT Review Manual 2010,firma,00000000-0000-0000-0000-000000000002,2026-08-08
capacidade-estatal,ce-prescritivo,Compliance Digital,firma,00000000-0000-0000-0000-000000000002,2026-08-08
capacidade-estatal,ce-prescritivo,Compliance - Finance,firma,00000000-0000-0000-0000-000000000002,2026-08-08
capacidade-estatal,ce-prescritivo,Compliance - Investigações,firma,00000000-0000-0000-0000-000000000002,2026-08-08
capacidade-estatal,ce-prescritivo,Compliance na América Latina,firma,00000000-0000-0000-0000-000000000002,2026-08-08
capacidade-estatal,ce-prescritivo,Compliance - Pilares,firma,00000000-0000-0000-0000-000000000002,2026-08-08
capacidade-estatal,ce-prescritivo,Compliance - Risk Assessment,firma,00000000-0000-0000-0000-000000000002,2026-08-08
capacidade-estatal,ce-prescritivo,COSO ERM: Integrating with Strategy and Performance — Executive Summary,firma,00000000-0000-0000-0000-000000000002,2026-08-08
capacidade-estatal,ce-prescritivo,Executive's Guide to COSO Internal Controls: Understanding and Implementing the New Framework,firma,00000000-0000-0000-0000-000000000002,2026-08-08
capacidade-estatal,ce-prescritivo,Extrator de Dados SIAPE — Manual,firma,00000000-0000-0000-0000-000000000002,2026-08-08
capacidade-estatal,ce-prescritivo,Gov Hub: um guia prático para integração e qualificação de dados públicos,firma,00000000-0000-0000-0000-000000000002,2026-08-08
capacidade-estatal,ce-prescritivo,Guia de integração dos sistemas eletrônicos de frequência com o SIAPE v1.9,firma,00000000-0000-0000-0000-000000000002,2026-08-08
capacidade-estatal,ce-prescritivo,"Guia Livre: Referência de Migração para Software Livre do Governo Federal, Versão 1.0",firma,00000000-0000-0000-0000-000000000002,2026-08-08
capacidade-estatal,ce-prescritivo,Internal Control Audit and Compliance: Documentation and Testing Under the New COSO Framework,firma,00000000-0000-0000-0000-000000000002,2026-08-08
capacidade-estatal,ce-prescritivo,Manual de Padrões para Iniciação do Pix v2.6.2,firma,00000000-0000-0000-0000-000000000002,2026-08-08
capacidade-estatal,ce-prescritivo,manual de procedimento do extrator de dados DW SIASS,firma,00000000-0000-0000-0000-000000000002,2026-08-08
capacidade-estatal,ce-prescritivo,Manual do eSocial,firma,00000000-0000-0000-0000-000000000002,2026-08-08
capacidade-estatal,ce-prescritivo,Manual do Siorg — Cadastro de Estruturas Organizacionais,firma,00000000-0000-0000-0000-000000000002,2026-08-08
capacidade-estatal,ce-prescritivo,Manual Operacional SIAPE Saúde - Perfil Administrativo,firma,00000000-0000-0000-0000-000000000002,2026-08-08
capacidade-estatal,ce-prescritivo,Manual Operacional SIAPE Saúde - Perfil Gestor,firma,00000000-0000-0000-0000-000000000002,2026-08-08
capacidade-estatal,ce-prescritivo,Manual para utilização da API Siape Afastamento v1.4,firma,00000000-0000-0000-0000-000000000002,2026-08-08
capacidade-estatal,ce-prescritivo,Pilares do Compliance - CGU,firma,00000000-0000-0000-0000-000000000002,2026-08-08
capacidade-estatal,ce-prescritivo,Transparência e uso de dados em gestão de pessoas no setor público: guia de referência — sumário executivo,firma,00000000-0000-0000-0000-000000000002,2026-08-08
engenharia-software,"",A Comparative Performance Study of the Matrix /sync Endpoint on Synapse and Tuwunel,firma,00000000-0000-0000-0000-000000000002,2026-08-08
engenharia-software,"",Análise dos modelos e contratos de desenvolvimento de software na administração direta do governo federal: a crise na produção de software e as alternativas à fábrica de software,firma,00000000-0000-0000-0000-000000000002,2026-08-08
engenharia-software,"",Architecture Patterns with Python,firma,00000000-0000-0000-0000-000000000002,2026-08-08
engenharia-software,"",AWS Well-Architected Framework,firma,00000000-0000-0000-0000-000000000002,2026-08-08
engenharia-software,"",COBIT 2019 Framework: Governance and Management Objectives,firma,00000000-0000-0000-0000-000000000002,2026-08-08
engenharia-software,"",COBIT 5: A Business Framework for the Governance and Management of Enterprise IT,firma,00000000-0000-0000-0000-000000000002,2026-08-08
engenharia-software,"",COBIT 5: Enabling Processes,firma,00000000-0000-0000-0000-000000000002,2026-08-08
engenharia-software,"",Cook.1998.HowComplexSystemsFailRevG.pages,firma,00000000-0000-0000-0000-000000000002,2026-08-08
engenharia-software,"",Essential Kanban Condensed,firma,00000000-0000-0000-0000-000000000002,2026-08-08
engenharia-software,"","FitSM-2: Process activities and implementation, version 3.0.2",firma,00000000-0000-0000-0000-000000000002,2026-08-08
engenharia-software,"","FitSM-3: Role model, version 3.0.1",firma,00000000-0000-0000-0000-000000000002,2026-08-08
engenharia-software,"",FitSM-5 Guide: Identifying Services,firma,00000000-0000-0000-0000-000000000002,2026-08-08
engenharia-software,"",FitSM-5 Guide: Specifying Services for Portfolios and Catalogues v1.0,firma,00000000-0000-0000-0000-000000000002,2026-08-08
engenharia-software,"","FitSM Guide: ITSM Documentation Checklist, Version 1.0",firma,00000000-0000-0000-0000-000000000002,2026-08-08
engenharia-software,"","FitSM Part 0: Overview and vocabulary, Version 3.0.1",firma,00000000-0000-0000-0000-000000000002,2026-08-08
engenharia-software,"","FitSM Part 1: Requirements, Version 3.0.1",firma,00000000-0000-0000-0000-000000000002,2026-08-08
engenharia-software,"",Gestão ágil e clientes cascata: desafios e alternativas para fábricas de software,firma,00000000-0000-0000-0000-000000000002,2026-08-08
engenharia-software,"",Guide: Using FitSM to achieve compliance with ISO/IEC 20000-1,firma,00000000-0000-0000-0000-000000000002,2026-08-08
engenharia-software,"",Information and documentation — WARC file format (BS ISO 28500:2009),firma,00000000-0000-0000-0000-000000000002,2026-08-08
engenharia-software,"",NIST SP 800-40 Rev.4 — Patch Management,firma,00000000-0000-0000-0000-000000000002,2026-08-08
engenharia-software,"",Observability Engineering,firma,00000000-0000-0000-0000-000000000002,2026-08-08
engenharia-software,"",PostgreSQL 14 internals,firma,00000000-0000-0000-0000-000000000002,2026-08-08
engenharia-software,"",Release It! - Design and Deploy Production-Ready Software,firma,00000000-0000-0000-0000-000000000002,2026-08-08
engenharia-software,"",Strategies for the Integration of Software Supply Chain Security in DevSecOps CI/CD Pipelines,firma,00000000-0000-0000-0000-000000000002,2026-08-08
engenharia-software,"",systemd for Administrators — série completa (Lennart Poettering) [snapshot 2026-08-01],firma,00000000-0000-0000-0000-000000000002,2026-08-08
engenharia-software,"",The Minimum Elements For a Software Bill of Materials (SBOM),firma,00000000-0000-0000-0000-000000000002,2026-08-08
engenharia-software,"",The Site Reliability Workbook,firma,00000000-0000-0000-0000-000000000002,2026-08-08
engenharia-software,"",Working Effectively with Legacy Code,firma,00000000-0000-0000-0000-000000000002,2026-08-04
engenharia-software,artesania-software,Clean Code: A Handbook of Agile Software Craftsmanship,firma,00000000-0000-0000-0000-000000000002,2026-08-05
engenharia-software,artesania-software,Design Patterns: Elements of Reusable Object-Oriented Software,firma,00000000-0000-0000-0000-000000000002,2026-08-05
engenharia-software,artesania-software,Refactoring: Improving the Design of Existing Code,firma,00000000-0000-0000-0000-000000000002,2026-08-05
engenharia-software,artesania-software,Test-Driven Development: By Example,firma,00000000-0000-0000-0000-000000000002,2026-08-05
engenharia-software,engenharia-dados,Fundamentals of Data Engineering,firma,00000000-0000-0000-0000-000000000000,2026-07-31
engenharia-software,engenharia-dados,Kafka: The Definitive Guide,firma,00000000-0000-0000-0000-000000000000,2026-07-31
engenharia-software,gestao-engenharia,2020-devops-transformation-google-cloud-dora,firma,00000000-0000-0000-0000-000000000000,2026-07-31
engenharia-software,gestao-engenharia,Accelerate: State of DevOps 2018,firma,00000000-0000-0000-0000-000000000000,2026-07-31
engenharia-software,gestao-engenharia,Accelerate: State of DevOps 2019,firma,00000000-0000-0000-0000-000000000000,2026-07-31
engenharia-software,gestao-engenharia,Accelerate: State of DevOps 2021,firma,00000000-0000-0000-0000-000000000000,2026-07-31
engenharia-software,gestao-engenharia,Accelerate: State of DevOps 2022,firma,00000000-0000-0000-0000-000000000000,2026-07-31
engenharia-software,gestao-engenharia,Accelerate: State of DevOps 2023,firma,00000000-0000-0000-0000-000000000000,2026-07-31
engenharia-software,gestao-engenharia,Accelerate: State of DevOps 2024,firma,00000000-0000-0000-0000-000000000000,2026-07-31
engenharia-software,gestao-engenharia,Accelerate: The Science of Lean Software and DevOps,firma,00000000-0000-0000-0000-000000000000,2026-07-31
engenharia-software,gestao-engenharia,CMMI for Development: Guidelines for Process Integration and Product Improvement,firma,00000000-0000-0000-0000-000000000000,2026-07-31
engenharia-software,gestao-engenharia,Continuous Delivery Pipelines: How To Build Better Software Faster,firma,00000000-0000-0000-0000-000000000002,2026-08-04
engenharia-software,gestao-engenharia,ITIL Foundation: ITIL 4 Edition,firma,00000000-0000-0000-0000-000000000002,2026-08-04
engenharia-software,gestao-engenharia,State of DevOps Report 2014,firma,00000000-0000-0000-0000-000000000000,2026-07-31
engenharia-software,gestao-engenharia,State of DevOps Report 2015,firma,00000000-0000-0000-0000-000000000000,2026-07-31
engenharia-software,gestao-engenharia,State of DevOps Report 2016,firma,00000000-0000-0000-0000-000000000000,2026-07-31
engenharia-software,gestao-engenharia,State of DevOps Report 2017,firma,00000000-0000-0000-0000-000000000000,2026-07-31
engenharia-software,gestao-engenharia,The Mythical Man-Month,firma,00000000-0000-0000-0000-000000000000,2026-07-31
engenharia-software,microsservicos,REST API Design Rulebook,firma,00000000-0000-0000-0000-000000000000,2026-07-31
estudos-ontologias,"",ACCORD D2.1 — Technical Report: Existing Models,firma,00000000-0000-0000-0000-000000000000,2026-07-31
estudos-ontologias,"",A Dynamic Theory of Organizational Knowledge Creation.,firma,00000000-0000-0000-0000-000000000002,2026-08-08
estudos-ontologias,"",An Overview of the Common Core Ontologies,firma,00000000-0000-0000-0000-000000000002,2026-08-08
estudos-ontologias,"","ANSI/NISO Z39.19-2005 (R2010), Guidelines for the Construction, Format, and Management of Monolingual Controlled Vocabularies",firma,00000000-0000-0000-0000-000000000002,2026-08-08
estudos-ontologias,"","A Taxonomy for Learning, Teaching, and Assessing",firma,00000000-0000-0000-0000-000000000002,2026-08-08
estudos-ontologias,"",Catálogo Nacional de Dados — Padrão DCAT-BR,firma,00000000-0000-0000-0000-000000000002,2026-08-08
estudos-ontologias,"",Decreto nº 4.073/2002 — Regulamentação da Lei nº 8.159/1991 (política nacional de arquivos públicos e privados),firma,00000000-0000-0000-0000-000000000002,2026-08-08
estudos-ontologias,"",Design for How People Learn,firma,00000000-0000-0000-0000-000000000002,2026-08-08
estudos-ontologias,"",DOLCE: A Descriptive Ontology for Linguistic and Cognitive Engineering,firma,00000000-0000-0000-0000-000000000002,2026-08-08
estudos-ontologias,"","e-ARQ Brasil: Modelo de Requisitos para Sistemas Informatizados de Gestão Arquivística de Documentos, Versão 2",firma,00000000-0000-0000-0000-000000000002,2026-08-08
estudos-ontologias,"",Evaluating ontological decisions with OntoClean,firma,00000000-0000-0000-0000-000000000002,2026-08-08
estudos-ontologias,"",Grounding Software Domain Ontologies in the Unified Foundational Ontology (UFO): The Case of the ODE Software Process Ontology,firma,00000000-0000-0000-0000-000000000000,2026-07-31
estudos-ontologias,"",How Learning Works,firma,00000000-0000-0000-0000-000000000002,2026-08-08
estudos-ontologias,"",How to Solve It,firma,00000000-0000-0000-0000-000000000002,2026-08-08
estudos-ontologias,"",How We Think,firma,00000000-0000-0000-0000-000000000002,2026-08-08
estudos-ontologias,"",Information Architecture: For the Web and Beyond,firma,00000000-0000-0000-0000-000000000002,2026-08-08
estudos-ontologias,"","Institutional Ecology, 'Translations' and Boundary Objects: Amateurs and Professionals in Berkeley's Museum of Vertebrate Zoology, 1907-39",firma,00000000-0000-0000-0000-000000000002,2026-08-08
estudos-ontologias,"","Knowing when to stop: insights from ecology for building catalogues, collections, and corpora",firma,00000000-0000-0000-0000-000000000002,2026-08-08
estudos-ontologias,"","Lei nº 8.159, de 8 de janeiro de 1991 — Política nacional de arquivos públicos e privados",firma,00000000-0000-0000-0000-000000000002,2026-08-08
estudos-ontologias,"",Logic The Theory Of Inquiry,firma,00000000-0000-0000-0000-000000000002,2026-08-08
estudos-ontologias,"",Make It Stick,firma,00000000-0000-0000-0000-000000000002,2026-08-08
estudos-ontologias,"",Ontological Foundations for Structural Conceptual Models,firma,00000000-0000-0000-0000-000000000002,2026-08-08
estudos-ontologias,"",Organizational Memory,firma,00000000-0000-0000-0000-000000000002,2026-08-08
estudos-ontologias,"",Organizational Memory: From Expectations Memory to Procedural Memory,firma,00000000-0000-0000-0000-000000000002,2026-08-08
estudos-ontologias,"",SKOS Simple Knowledge Organization System Reference [snapshot 2026-08-01],firma,00000000-0000-0000-0000-000000000002,2026-08-08
estudos-ontologias,"",Software engineering — Software product Quality Requirements and Evaluation (SQuaRE) — Data quality model,firma,00000000-0000-0000-0000-000000000002,2026-08-08
estudos-ontologias,"",The Common Core Ontologies,firma,00000000-0000-0000-0000-000000000002,2026-08-08
estudos-ontologias,"",The Intellectual Foundation of Information Organization (Digital Libraries and Electronic Publishing),firma,00000000-0000-0000-0000-000000000002,2026-08-08
estudos-ontologias,"",The Knowledge-Creating Company,firma,00000000-0000-0000-0000-000000000002,2026-08-08
estudos-ontologias,"",The Reflective Practitioner,firma,00000000-0000-0000-0000-000000000002,2026-08-08
estudos-ontologias,"",Towards Ontological Foundations for the Conceptual Modeling of Events,firma,00000000-0000-0000-0000-000000000000,2026-07-31
estudos-ontologias,"",Transactive Memory: A Contemporary Analysis of the Group Mind,firma,00000000-0000-0000-0000-000000000002,2026-08-08
estudos-ontologias,"",VCGE — Vocabulário Controlado do Governo Eletrônico,firma,00000000-0000-0000-0000-000000000002,2026-08-08
estudos-ontologias,onto-engenharia,Building Ontologies with Basic Formal Ontology,firma,00000000-0000-0000-0000-000000000000,2026-07-31
estudos-ontologias,onto-engenharia,Graph Theory and Complex Networks: An Introduction,firma,00000000-0000-0000-0000-000000000002,2026-08-08
estudos-ontologias,onto-engenharia,"ISAD(G): General International Standard Archival Description, Second Edition",firma,00000000-0000-0000-0000-000000000002,2026-08-08
estudos-ontologias,onto-engenharia,ISAD(G): Norma geral internacional de descrição arquivística — Segunda Edição,firma,00000000-0000-0000-0000-000000000002,2026-08-08
estudos-ontologias,onto-engenharia,Networks: An Introduction,firma,00000000-0000-0000-0000-000000000002,2026-08-08
estudos-ontologias,onto-engenharia,NOBRADE: Norma brasileira de descrição arquivística,firma,00000000-0000-0000-0000-000000000002,2026-08-08
estudos-ontologias,onto-engenharia,Ontology-Based Domain-Driven Design,firma,00000000-0000-0000-0000-000000000000,2026-07-31
estudos-ontologias,onto-engenharia,Ontology Matching,firma,00000000-0000-0000-0000-000000000002,2026-08-06
estudos-ontologias,onto-engenharia,UML Profile for Domain-Driven Design,firma,00000000-0000-0000-0000-000000000000,2026-07-31
estudos-ontologias,onto-fundamento,Basic Formal Ontology 2.0 — Specification and User's Guide,firma,00000000-0000-0000-0000-000000000000,2026-07-31
estudos-ontologias,onto-fundamento,Events as Entities in Ontology-Driven Conceptual Modeling,firma,00000000-0000-0000-0000-000000000000,2026-07-31
estudos-ontologias,onto-fundamento,Fichamento: Verificação de genealogia,firma,00000000-0000-0000-0000-000000000000,2026-07-31
estudos-ontologias,onto-fundamento,Nota de pesquisa: Conciliação da genealogia das tradições,firma,00000000-0000-0000-0000-000000000000,2026-07-31
estudos-ontologias,onto-fundamento,Nota de pesquisa: Fechamento do mapeamento acadêmico,firma,00000000-0000-0000-0000-000000000000,2026-07-31
estudos-ontologias,onto-fundamento,OWL 2 Web Ontology Language Profiles (Second Edition),firma,00000000-0000-0000-0000-000000000002,2026-08-06
estudos-ontologias,onto-fundamento,"The Description Logic Handbook: Theory, Implementation and Applications",firma,00000000-0000-0000-0000-000000000002,2026-08-06
estudos-ontologias,onto-fundamento,WonderWeb Deliverable D18: Ontology Library (final),firma,00000000-0000-0000-0000-000000000000,2026-07-31
estudos-ontologias,onto-modelos,Fichamento: Casos OntoUML no setor público,firma,00000000-0000-0000-0000-000000000000,2026-07-31
estudos-ontologias,onto-modelos,Ontological Anti-Patterns: Empirically Uncovered Error-Prone Structures in Ontology-Driven Conceptual Models,firma,00000000-0000-0000-0000-000000000002,2026-08-06
gestao-organizacional,"",A typology of organisational cultures,firma,00000000-0000-0000-0000-000000000002,2026-08-08
gestao-organizacional,"",A World Without Email,firma,00000000-0000-0000-0000-000000000002,2026-08-08
gestao-organizacional,"",Decreto nº 9.203/2017 — Política de governança da administração pública federal,firma,00000000-0000-0000-0000-000000000002,2026-08-08
gestao-organizacional,"",Getting Things Done,firma,00000000-0000-0000-0000-000000000002,2026-08-08
gestao-organizacional,"",Good Strategy/Bad Strategy:The difference and why it matters,firma,00000000-0000-0000-0000-000000000002,2026-08-08
gestao-organizacional,"",Governança Corporativa para Startups & Scale-Ups,firma,00000000-0000-0000-0000-000000000002,2026-08-08
gestao-organizacional,"",Guia da Política de Governança Pública,firma,00000000-0000-0000-0000-000000000002,2026-08-08
gestao-organizacional,"","Guia de Elaboração de PDTIC do SISP, versão 2.1",firma,00000000-0000-0000-0000-000000000002,2026-08-08
gestao-organizacional,"",Guia de Monitoramento e Avaliação da Estratégia do MGI — 2ª edição,firma,00000000-0000-0000-0000-000000000002,2026-08-08
gestao-organizacional,"","Guia prático para implementação e execução do PGD na Administração Pública Federal — Módulo 6: Complementares, 3ª edição",firma,00000000-0000-0000-0000-000000000002,2026-08-08
gestao-organizacional,"",Guia técnico de gestão estratégica,firma,00000000-0000-0000-0000-000000000002,2026-08-08
gestao-organizacional,"",How Do Committees Invent?,firma,00000000-0000-0000-0000-000000000002,2026-08-08
gestao-organizacional,"",Institutionalized Organizations: Formal Structure as Myth and Ceremony,firma,00000000-0000-0000-0000-000000000002,2026-08-08
gestao-organizacional,"","Instrução Normativa Conjunta SEGES-SGPRT/MGI nº 24, de 28 de julho de 2023 — Programa de Gestão e Desempenho (versão comparada e consolidada)",firma,00000000-0000-0000-0000-000000000002,2026-08-08
gestao-organizacional,"","Instrução Normativa Conjunta SGP-ENAP/MGI nº 244, de 13 de junho de 2025 — Política Nacional de Desenvolvimento de Pessoas",firma,00000000-0000-0000-0000-000000000002,2026-08-08
gestao-organizacional,"",Lying for Money: How Legendary Frauds Reveal the Workings of the World,firma,00000000-0000-0000-0000-000000000002,2026-08-08
gestao-organizacional,"",Measure What Matters,firma,00000000-0000-0000-0000-000000000000,2026-07-31
gestao-organizacional,"",Mudança do Paradigma da Sustentabilidade: o Papel do Conselho nas Questões ASG,firma,00000000-0000-0000-0000-000000000002,2026-08-08
gestao-organizacional,"",No Rules Rules,firma,00000000-0000-0000-0000-000000000000,2026-07-31
gestao-organizacional,"",Nota Técnica — Como elaborar modelo lógico de programa: um roteiro básico,firma,00000000-0000-0000-0000-000000000002,2026-08-08
gestao-organizacional,"",Rational analysis for a problematic world revisited,firma,00000000-0000-0000-0000-000000000002,2026-08-08
gestao-organizacional,"",Red-Blooded Risk: The Secret History of Wall Street,firma,00000000-0000-0000-0000-000000000002,2026-08-08
gestao-organizacional,"",Redesigning the future,firma,00000000-0000-0000-0000-000000000002,2026-08-08
gestao-organizacional,"",Simple Sabotage Manual — Strategic Services Field Manual No. 3,firma,00000000-0000-0000-0000-000000000002,2026-08-08
gestao-organizacional,"",Team of Teams,firma,00000000-0000-0000-0000-000000000000,2026-07-31
gestao-organizacional,"",Team Topologies,firma,00000000-0000-0000-0000-000000000002,2026-08-08
gestao-organizacional,"",The Effective Executive,firma,00000000-0000-0000-0000-000000000002,2026-08-08
gestao-organizacional,"",The Iron Cage Revisited: Institutional Isomorphism and Collective Rationality in Organizational Fields,firma,00000000-0000-0000-0000-000000000002,2026-08-08
gestao-organizacional,"","The Nature of the Firm: Origins, Evolution, and Development",firma,00000000-0000-0000-0000-000000000002,2026-08-08
gestao-organizacional,"",The Principles of Product Development Flow: Second Generation Lean Product Development,firma,00000000-0000-0000-0000-000000000002,2026-08-08
gestao-organizacional,"",The Standard for Project Management and A Guide to the Project Management Body of Knowledge (PMBOK Guide),firma,00000000-0000-0000-0000-000000000000,2026-07-31
gestao-organizacional,"",The Structure of Ill Structured Problems,firma,00000000-0000-0000-0000-000000000002,2026-08-08
gestao-organizacional,"",The Structuring of Organizations,firma,00000000-0000-0000-0000-000000000002,2026-08-08
gestao-organizacional,"",Understanding Michael Porter,firma,00000000-0000-0000-0000-000000000000,2026-07-31
ia,"",AI Engineering (for True Epub),firma,00000000-0000-0000-0000-000000000002,2026-08-08
ia,"",An update on recent Claude Code quality reports [snapshot 2026-08-01],firma,00000000-0000-0000-0000-000000000002,2026-08-08
ia,"",A Simple Guide to Retrieval Augmented Generation,firma,00000000-0000-0000-0000-000000000002,2026-08-08
ia,"",Best practices for Claude Code - Claude Code Docs [snapshot 2026-08-01],firma,00000000-0000-0000-0000-000000000002,2026-08-08
ia,"",Build a Large Language Model (From Scratch),firma,00000000-0000-0000-0000-000000000002,2026-08-08
ia,"",Building a C compiler with a team of parallel Claudes [snapshot 2026-08-01],firma,00000000-0000-0000-0000-000000000002,2026-08-08
ia,"",Building Effective AI Agents [snapshot 2026-08-01],firma,00000000-0000-0000-0000-000000000002,2026-08-08
ia,"",Claude Desktop Extensions: One-click MCP server installation for Claude Desktop [snapshot 2026-08-01],firma,00000000-0000-0000-0000-000000000002,2026-08-08
ia,"",Claude SWE-Bench Performance [snapshot 2026-08-01],firma,00000000-0000-0000-0000-000000000002,2026-08-08
ia,"",Code execution with MCP: building more efficient AI agents [snapshot 2026-08-01],firma,00000000-0000-0000-0000-000000000002,2026-08-08
ia,"",Contextual Retrieval in AI Systems [snapshot 2026-08-01],firma,00000000-0000-0000-0000-000000000002,2026-08-08
ia,"",Demystifying evals for AI agents [snapshot 2026-08-01],firma,00000000-0000-0000-0000-000000000002,2026-08-08
ia,"",Designing AI resistant technical evaluations [snapshot 2026-08-01],firma,00000000-0000-0000-0000-000000000002,2026-08-08
ia,"",Developing with PDF: Dive Into the Portable Document Format,firma,00000000-0000-0000-0000-000000000002,2026-08-08
ia,"",Effective context engineering for AI agents,firma,00000000-0000-0000-0000-000000000002,2026-08-08
ia,"",Effective context engineering for AI agents [snapshot 2026-08-01],firma,00000000-0000-0000-0000-000000000002,2026-08-08
ia,"",Effective harnesses for long-running agents [snapshot 2026-08-01],firma,00000000-0000-0000-0000-000000000002,2026-08-08
ia,"",Equipping agents for the real world with Agent Skills [snapshot 2026-08-01],firma,00000000-0000-0000-0000-000000000002,2026-08-08
ia,"",Eval awareness in Claude Opus 4.6’s BrowseComp performance [snapshot 2026-08-01],firma,00000000-0000-0000-0000-000000000002,2026-08-08
ia,"",Harness design for long-running application development [snapshot 2026-08-01],firma,00000000-0000-0000-0000-000000000002,2026-08-08
ia,"",How we built our multi-agent research system [snapshot 2026-08-01],firma,00000000-0000-0000-0000-000000000002,2026-08-08
ia,"",Introducing advanced tool use on the Claude Developer Platform [snapshot 2026-08-01],firma,00000000-0000-0000-0000-000000000002,2026-08-08
ia,"",LLM Engineer’s Handbook,firma,00000000-0000-0000-0000-000000000002,2026-08-08
ia,"",LLM Evals: Everything You Need to Know,firma,00000000-0000-0000-0000-000000000002,2026-08-08
ia,"",LLM Evals: Everything You Need to Know – Hamel’s Blog [snapshot 2026-08-01],firma,00000000-0000-0000-0000-000000000002,2026-08-08
ia,"",Model Context Protocol — Specification 2026-07-28,firma,00000000-0000-0000-0000-000000000002,2026-08-08
ia,"",Prompt Engineering for LLMs (for True Epub),firma,00000000-0000-0000-0000-000000000002,2026-08-08
ia,"",Quantifying infrastructure noise in agentic coding evals [snapshot 2026-08-01],firma,00000000-0000-0000-0000-000000000002,2026-08-08
ia,"",Scaling Managed Agents: Decoupling the brain from the hands [snapshot 2026-08-01],firma,00000000-0000-0000-0000-000000000002,2026-08-08
ia,"",State of AI-assisted Software Development 2025,firma,00000000-0000-0000-0000-000000000002,2026-08-08
ia,"","The ""think"" tool: Enabling Claude to stop and think [snapshot 2026-08-01]",firma,00000000-0000-0000-0000-000000000002,2026-08-08
ia,"",Writing effective tools for AI agents—using AI agents [snapshot 2026-08-01],firma,00000000-0000-0000-0000-000000000002,2026-08-08
ia,ia-agente,Fichamento: Agentes — o leito de rocha,firma,00000000-0000-0000-0000-000000000000,2026-07-31
ia,ia-fundamento,Fichamento: Modelos e estruturas de raciocínio,firma,00000000-0000-0000-0000-000000000000,2026-07-31
ia,ia-fundamento,Longformer: The Long-Document Transformer,firma,00000000-0000-0000-0000-000000000002,2026-08-04
ia,ia-fundamento,RoFormer: Enhanced Transformer with Rotary Position Embedding,firma,00000000-0000-0000-0000-000000000002,2026-08-04
ia,ia-harness,Fichamento: Skills,firma,00000000-0000-0000-0000-000000000000,2026-07-31
ia,ia-harness,Let Me Speak Freely? A Study on the Impact of Format Restrictions on Performance of Large Language Models,firma,00000000-0000-0000-0000-000000000002,2026-08-04
ia,ia-harness,tessdoc — documentação do Tesseract OCR,firma,00000000-0000-0000-0000-000000000002,2026-08-04
ia,ia-infra,Can Compressed LLMs Truly Act? An Empirical Evaluation of Agentic Capabilities in LLM Compression,firma,00000000-0000-0000-0000-000000000002,2026-08-04
ia,ia-infra,llama.cpp — formato GGUF e quantização,firma,00000000-0000-0000-0000-000000000002,2026-08-04
ia,ia-infra,Quantize with Confidence? An Empirical Study of Quantization for Code Generation,firma,00000000-0000-0000-0000-000000000002,2026-08-04
ia,ia-integracao,Fichamento: Claude Code — orquestrador como painel de política,firma,00000000-0000-0000-0000-000000000000,2026-07-31
ia,ia-integracao,Fichamento: Multi-agente,firma,00000000-0000-0000-0000-000000000000,2026-07-31
ia,ia-integracao,ISO/IEC 42001:2023 — AI Management System,firma,00000000-0000-0000-0000-000000000000,2026-07-31
ia,ia-rag,BEIR: A Heterogeneous Benchmark for Zero-shot Evaluation of Information Retrieval Models,firma,00000000-0000-0000-0000-000000000002,2026-08-03
ia,ia-rag,ColBERT: Efficient and Effective Passage Search via Contextualized Late Interaction over BERT,firma,00000000-0000-0000-0000-000000000002,2026-08-03
ia,ia-rag,ColBERTv2: Effective and Efficient Retrieval via Lightweight Late Interaction,firma,00000000-0000-0000-0000-000000000002,2026-08-03
ia,ia-rag,Cumulated gain-based evaluation of IR techniques,firma,00000000-0000-0000-0000-000000000002,2026-08-04
ia,ia-rag,Dense Passage Retrieval for Open-Domain Question Answering,firma,00000000-0000-0000-0000-000000000002,2026-08-03
ia,ia-rag,Efficient and robust approximate nearest neighbor search using Hierarchical Navigable Small World graphs,firma,00000000-0000-0000-0000-000000000002,2026-08-03
ia,ia-rag,Fichamento: Modelos de embedding candidatos,firma,00000000-0000-0000-0000-000000000000,2026-07-31
ia,ia-rag,Fichamento: O contrato do espaço vetorial,firma,00000000-0000-0000-0000-000000000000,2026-07-31
ia,ia-rag,Fichamento: RAG na prática — a perna de indexação,firma,00000000-0000-0000-0000-000000000000,2026-07-31
ia,ia-rag,Introduction to Information Retrieval,firma,00000000-0000-0000-0000-000000000002,2026-08-03
ia,ia-rag,IR evaluation methods for retrieving highly relevant documents,firma,00000000-0000-0000-0000-000000000002,2026-08-04
ia,ia-rag,Lost in the Middle: How Language Models Use Long Contexts,firma,00000000-0000-0000-0000-000000000002,2026-08-04
ia,ia-rag,"M3-Embedding: Multi-Linguality, Multi-Functionality, Multi-Granularity Text Embeddings Through Self-Knowledge Distillation",firma,00000000-0000-0000-0000-000000000002,2026-08-03
ia,ia-rag,Precise Zero-Shot Dense Retrieval without Relevance Labels,firma,00000000-0000-0000-0000-000000000002,2026-08-03
ia,ia-rag,Pretrained Transformers for Text Ranking: BERT and Beyond,firma,00000000-0000-0000-0000-000000000002,2026-08-03
ia,ia-rag,Ragas: Automated Evaluation of Retrieval Augmented Generation,firma,00000000-0000-0000-0000-000000000002,2026-08-03
ia,ia-rag,Reciprocal Rank Fusion outperforms Condorcet and individual Rank Learning Methods,firma,00000000-0000-0000-0000-000000000002,2026-08-03
ia,ia-rag,Retrieval-Augmented Generation for Knowledge-Intensive NLP Tasks,firma,00000000-0000-0000-0000-000000000002,2026-08-03
ia,ia-rag,Retrieval-Augmented Generation for Large Language Models: A Survey,firma,00000000-0000-0000-0000-000000000002,2026-08-03
ia,ia-rag,Survey of Temporal Information Retrieval and Related Applications,firma,00000000-0000-0000-0000-000000000002,2026-08-04
inteligencia,"",A Cooperative Approach between Intelligence and Policymakers at the National Level: Does it Have a Chance?,firma,00000000-0000-0000-0000-000000000002,2026-08-08
inteligencia,"",Application of Future Studies by Intelligence Service to Optimize Public Policies,firma,00000000-0000-0000-0000-000000000002,2026-08-08
inteligencia,"",Artificial Intelligence Risk Management Framework (AI RMF 1.0),firma,00000000-0000-0000-0000-000000000002,2026-08-08
inteligencia,"",Artificial Intelligence Risk Management Framework: Generative AI Profile,firma,00000000-0000-0000-0000-000000000002,2026-08-08
inteligencia,"",Atividade de inteligência nacional brasileira — doutrina,firma,00000000-0000-0000-0000-000000000002,2026-08-08
inteligencia,"",Bridging the Intelligence-Policy Divide,firma,00000000-0000-0000-0000-000000000002,2026-08-08
inteligencia,"",Controle Interno e Externo da Atividade de Inteligência em Perspectiva Comparada,firma,00000000-0000-0000-0000-000000000002,2026-08-08
inteligencia,"",Decreto de 15 de dezembro de 2017 — aprova a Estratégia Nacional de Inteligência (ENINT),firma,00000000-0000-0000-0000-000000000002,2026-08-08
inteligencia,"",Decreto nº 10.569/2020 — Estratégia Nacional de Segurança de Infraestruturas Críticas,firma,00000000-0000-0000-0000-000000000002,2026-08-08
inteligencia,"",Decreto nº 10.777/2021 — Política Nacional de Inteligência de Segurança Pública,firma,00000000-0000-0000-0000-000000000002,2026-08-08
inteligencia,"",Decreto nº 10.778/2021 — Estratégia Nacional de Inteligência de Segurança Pública,firma,00000000-0000-0000-0000-000000000002,2026-08-08
inteligencia,"",Decreto nº 11.200/2022 — Plano Nacional de Segurança de Infraestruturas Críticas,firma,00000000-0000-0000-0000-000000000002,2026-08-08
inteligencia,"","Decreto nº 11.491/2023 — Convenção sobre o Crime Cibernético (Budapeste, 2001)",firma,00000000-0000-0000-0000-000000000002,2026-08-08
inteligencia,"",Decreto nº 11.693/2023 — Organização e o funcionamento do Sistema Brasileiro de Inteligência,firma,00000000-0000-0000-0000-000000000002,2026-08-08
inteligencia,"","Decreto nº 12.725/2025 — Política Nacional de Defesa, Estratégia Nacional de Defesa e Livro Branco de Defesa Nacional",firma,00000000-0000-0000-0000-000000000002,2026-08-08
inteligencia,"",Decreto nº 12.853/2026 — Câmara de Relações Exteriores e Defesa Nacional do Conselho de Governo.,firma,00000000-0000-0000-0000-000000000002,2026-08-08
inteligencia,"",Decreto nº 3.897/2001 — Diretrizes para o emprego das Forças Armadas na garantia da lei e da ordem,firma,00000000-0000-0000-0000-000000000002,2026-08-08
inteligencia,"",Decreto nº 8.793/2016 — Política Nacional de Inteligência,firma,00000000-0000-0000-0000-000000000002,2026-08-08
inteligencia,"",Decreto nº 8.903/2016 — Programa de Proteção Integrada de Fronteiras e organiza a atuação,firma,00000000-0000-0000-0000-000000000002,2026-08-08
inteligencia,"",Decreto nº 9.435/2018 — Regulamentação do art. 10 da Lei nº 11.776,firma,00000000-0000-0000-0000-000000000002,2026-08-08
inteligencia,"","Decreto nº 9.489/2018 — Regulamenta, no âmbito da União, a Lei nº 13.675, de 11 de junho",firma,00000000-0000-0000-0000-000000000002,2026-08-08
inteligencia,"",Decreto nº 9.573/2018 — Política Nacional de Segurança de Infraestruturas Críticas,firma,00000000-0000-0000-0000-000000000002,2026-08-08
inteligencia,"",Decreto nº 9.663/2019 — Estatuto do Conselho de Controle de Atividades Financeiras (Coaf),firma,00000000-0000-0000-0000-000000000002,2026-08-08
inteligencia,"",Decreto nº 9.865/2019 — Colegiados do Sistema de Proteção ao Programa Nuclear Brasileiro.,firma,00000000-0000-0000-0000-000000000002,2026-08-08
inteligencia,"","Estratégia de Inteligência de Defesa (2023), aprovada pela Portaria MD nº 5.437",firma,00000000-0000-0000-0000-000000000002,2026-08-08
inteligencia,"",Intelligence Community Information Environment Risk Management (ICD 503),firma,00000000-0000-0000-0000-000000000002,2026-08-08
inteligencia,"",Legitimacy of Intelligence According to Political Thinkers,firma,00000000-0000-0000-0000-000000000002,2026-08-08
inteligencia,"",Lei nº 11.776/2008 — Estruturação do Plano de Carreiras e Cargos da ABIN,firma,00000000-0000-0000-0000-000000000002,2026-08-08
inteligencia,"",Lei nº 12.731/2012 — Sistema de Proteção ao Programa Nuclear Brasileiro - SIPRON e revoga,firma,00000000-0000-0000-0000-000000000002,2026-08-08
inteligencia,"",Lei nº 13.675/2018 — Organização e o funcionamento dos órgãos responsáveis pela segurança,firma,00000000-0000-0000-0000-000000000002,2026-08-08
inteligencia,"","Lei nº 13.974/2020 — Conselho de Controle de Atividades Financeiras (Coaf), de que trata",firma,00000000-0000-0000-0000-000000000002,2026-08-08
inteligencia,"",Lei nº 6.880/1980 — Estatuto dos Militares,firma,00000000-0000-0000-0000-000000000002,2026-08-08
inteligencia,"",Lei nº 9.883/1999 — Lei da Agência Brasileira de Inteligência,firma,00000000-0000-0000-0000-000000000002,2026-08-08
inteligencia,"",Manual de uso de ferramentas de inteligência artificial em apoio à análise ex ante de políticas públicas,firma,00000000-0000-0000-0000-000000000002,2026-08-08
inteligencia,"",Participantes do Sisbin — anexo da Portaria nº 4.232 (v3),firma,00000000-0000-0000-0000-000000000002,2026-08-08
inteligencia,"",Plano de Transformação Digital do Ministério da Defesa,firma,00000000-0000-0000-0000-000000000002,2026-08-08
inteligencia,"",Plataforma de Inteligência — Munição de Venda,firma,00000000-0000-0000-0000-000000000002,2026-08-08
inteligencia,"",Portaria GM-MD nº 3.914/2021 — Sistema de Inteligência de Defesa,firma,00000000-0000-0000-0000-000000000002,2026-08-08
inteligencia,"",Portaria GSI/PR nº 40/2018 — Plano Nacional de Inteligência (PLANINT),firma,00000000-0000-0000-0000-000000000002,2026-08-08
inteligencia,"",Portaria GSI/PR nº 59/2018 — Programa Nacional de Proteção do Conhecimento Sensível (PNPC),firma,00000000-0000-0000-0000-000000000002,2026-08-08
inteligencia,"",Portaria Interministerial GSIPR e outros nº 4/2024 — Comitê Nacional de Segurança de Infraestruturas Críticas,firma,00000000-0000-0000-0000-000000000002,2026-08-08
inteligencia,"",Projeto de Lei nº 6423/2025 — Marco Civil da Inteligência de Estado (minuta),firma,00000000-0000-0000-0000-000000000002,2026-08-08
inteligencia,"",Psychology of Intelligence Analysis,firma,00000000-0000-0000-0000-000000000002,2026-08-08
inteligencia,"",Referencial de análise (Abin) — coletânea de artigos,firma,00000000-0000-0000-0000-000000000002,2026-08-08
inteligencia,"",Resolução nº 2/2013-CN — Comissão Mista de Controle das Atividades de Inteligência (CCAI),firma,00000000-0000-0000-0000-000000000002,2026-08-08
inteligencia,"","Spies, Lies, and Algorithms: The History and Future of American Intelligence",firma,00000000-0000-0000-0000-000000000002,2026-08-08
inteligencia,"",Structured Analytic Techniques for Intelligence Analysis,firma,00000000-0000-0000-0000-000000000002,2026-08-08
inteligencia,"",Structured Analytic Techniques: Taxonomy and Technique Selection for Information and Intelligence Analysis Practitioners,firma,00000000-0000-0000-0000-000000000002,2026-08-08
inteligencia,"","Technical Specifications for Construction and Management of Sensitive Compartmented Information Facilities (IC Tech Spec for ICD/ICS 705), Version 1.5",firma,00000000-0000-0000-0000-000000000002,2026-08-08
platafirma,"",Ajuda:Despachar um expediente,firma,00000000-0000-0000-0000-000000000000,2026-07-31
platafirma,"",Ajuda:Escrever um processo,firma,00000000-0000-0000-0000-000000000000,2026-07-31
produtos-digitais,"",About Face,firma,00000000-0000-0000-0000-000000000002,2026-08-08
produtos-digitais,"",Are Your Lights On?,firma,00000000-0000-0000-0000-000000000002,2026-08-08
produtos-digitais,"",Designing Interfaces Patterns for Effective Interaction Design,firma,00000000-0000-0000-0000-000000000002,2026-08-08
produtos-digitais,"",Dilemmas in a General Theory of Planning,firma,00000000-0000-0000-0000-000000000002,2026-08-08
produtos-digitais,"",Dirty Rotten Strategies,firma,00000000-0000-0000-0000-000000000002,2026-08-08
produtos-digitais,"","Don't Make Me Think, Revisited",firma,00000000-0000-0000-0000-000000000002,2026-08-08
produtos-digitais,"",Escaping the Build Trap,firma,00000000-0000-0000-0000-000000000002,2026-08-08
produtos-digitais,"",Fichamento: Arquétipo 1 — extração/estruturação,firma,00000000-0000-0000-0000-000000000002,2026-08-08
produtos-digitais,"",Human Problem Solving: The State of the Theory in 1970,firma,00000000-0000-0000-0000-000000000002,2026-08-08
produtos-digitais,"",Impact Mapping,firma,00000000-0000-0000-0000-000000000002,2026-08-08
produtos-digitais,"",Jakob's Ten Usability Heuristics,firma,00000000-0000-0000-0000-000000000002,2026-08-08
produtos-digitais,"",Jobs to Be Done,firma,00000000-0000-0000-0000-000000000002,2026-08-08
produtos-digitais,"",Lei nº 13.460/2017 — Lei de Defesa dos Direitos do Usuário de Serviços Públicos,firma,00000000-0000-0000-0000-000000000002,2026-08-08
produtos-digitais,"",Minding the Design Reality Gap: An Empirical Evaluation of Telecentre Initiatives in Rural Ghana,firma,00000000-0000-0000-0000-000000000002,2026-08-08
produtos-digitais,"",Outcomes Over Output,firma,00000000-0000-0000-0000-000000000002,2026-08-08
produtos-digitais,"","Rational Analysis for a Problematic World Revisited: Problem Structuring Methods for Complexity, Uncertainty and Conflict, 2nd Edition — ficha de produto",firma,00000000-0000-0000-0000-000000000002,2026-08-08
produtos-digitais,"",Technology Affordances,firma,00000000-0000-0000-0000-000000000002,2026-08-08
produtos-digitais,"","The Art of Problem Solving, Volume 1: The Basics",firma,00000000-0000-0000-0000-000000000002,2026-08-08
produtos-digitais,"",The Design of Everyday Things,firma,00000000-0000-0000-0000-000000000002,2026-08-08
produtos-digitais,"",The Four Steps to the Epiphany,firma,00000000-0000-0000-0000-000000000002,2026-08-08
produtos-digitais,"",The Lean Product Playbook,firma,00000000-0000-0000-0000-000000000002,2026-08-08
produtos-digitais,"",The Mom Test,firma,00000000-0000-0000-0000-000000000002,2026-08-08
produtos-digitais,"",The origins of failure: seeking the causes of design-reality gaps,firma,00000000-0000-0000-0000-000000000002,2026-08-08
produtos-digitais,"",Towards design of citizen centric e-government projects in developing country context: the design-reality gap in Uganda,firma,00000000-0000-0000-0000-000000000002,2026-08-08
produtos-digitais,"",Transformed,firma,00000000-0000-0000-0000-000000000002,2026-08-08
produtos-digitais,"",User Stories Applied: For Agile Software Development,firma,00000000-0000-0000-0000-000000000002,2026-08-08
produtos-digitais,"",User Story Mapping,firma,00000000-0000-0000-0000-000000000002,2026-08-08
produtos-digitais,"",WritingEffectiveUCs.book,firma,00000000-0000-0000-0000-000000000002,2026-08-08
produtos-digitais,product-design,Design Thinking Bootleg,firma,00000000-0000-0000-0000-000000000000,2026-07-31
produtos-digitais,product-design,Ergonomics of human-system interaction — Part 210: Human-centred design for interactive systems,firma,00000000-0000-0000-0000-000000000000,2026-07-31
produtos-digitais,product-design,Platform Scale,firma,00000000-0000-0000-0000-000000000000,2026-07-31
produtos-digitais,product-design,Rocket Surgery Made Easy: The Do-It-Yourself Guide to Finding and Fixing Usability Problems,firma,00000000-0000-0000-0000-000000000002,2026-08-04
produtos-digitais,product-management,Continuous Discovery Habits,firma,00000000-0000-0000-0000-000000000002,2026-08-06
produtos-digitais,product-management,Cracking the PM Career,firma,00000000-0000-0000-0000-000000000000,2026-07-31
produtos-digitais,product-management,Empowered,firma,00000000-0000-0000-0000-000000000000,2026-07-31
produtos-digitais,product-management,Inspired,firma,00000000-0000-0000-0000-000000000000,2026-07-31
produtos-digitais,product-management,Lean Inception,firma,00000000-0000-0000-0000-000000000000,2026-07-31
produtos-digitais,product-management,NYT Product Discovery Guide,firma,00000000-0000-0000-0000-000000000000,2026-07-31
produtos-digitais,product-management,"Obviously Awesome: How to Nail Product Positioning so Customers Get It, Buy It, Love It",firma,00000000-0000-0000-0000-000000000002,2026-08-04
produtos-digitais,product-management,Product Strategy & Segmentation,firma,00000000-0000-0000-0000-000000000000,2026-07-31
produtos-digitais,product-management,Shape Up,firma,00000000-0000-0000-0000-000000000000,2026-07-31
seguranca-privacidade,"",Advanced Cyber Threat Intelligence — Resources,firma,00000000-0000-0000-0000-000000000000,2026-07-31
seguranca-privacidade,"",Advanced Cyber Threat Intelligence — Study Guide,firma,00000000-0000-0000-0000-000000000000,2026-07-31
seguranca-privacidade,"",Adversarial Machine Learning: A Taxonomy and Terminology of Attacks and Mitigations,firma,00000000-0000-0000-0000-000000000002,2026-08-08
seguranca-privacidade,"",AI Privacy Risks & Mitigations — Large Language Models (LLMs),firma,00000000-0000-0000-0000-000000000002,2026-08-08
seguranca-privacidade,"",API Security in Action epub,firma,00000000-0000-0000-0000-000000000002,2026-08-08
seguranca-privacidade,"",A Risk Practitioner's Guide to ISO 31000:2018,firma,00000000-0000-0000-0000-000000000002,2026-08-08
seguranca-privacidade,"",Best Current Practice for OAuth 2.0 Security,firma,00000000-0000-0000-0000-000000000002,2026-08-08
seguranca-privacidade,"",CIS Apache HTTP Server 2.4 Benchmark v2.3.0,firma,00000000-0000-0000-0000-000000000002,2026-08-08
seguranca-privacidade,"",CISA Tabletop Exercise Packages (CTEP) — fact sheet,firma,00000000-0000-0000-0000-000000000002,2026-08-08
seguranca-privacidade,"","CIS Critical Security Controls, Version 8.1",firma,00000000-0000-0000-0000-000000000002,2026-08-08
seguranca-privacidade,"",CISSP All-in-One Exam Guide,firma,00000000-0000-0000-0000-000000000000,2026-07-31
seguranca-privacidade,"",CIS VMware ESXi 8.0 Benchmark v1.3.0,firma,00000000-0000-0000-0000-000000000002,2026-08-08
seguranca-privacidade,"",Coletânea de Normas de Segurança da Informação Classificada,firma,00000000-0000-0000-0000-000000000002,2026-08-08
seguranca-privacidade,"",CompTIA CySA+ Cybersecurity Analyst Certification All-in-One Exam Guide (Exam CS0-002),firma,00000000-0000-0000-0000-000000000000,2026-07-31
seguranca-privacidade,"",CompTIA Security+ Certification Study Guide: Network Security Essentials,firma,00000000-0000-0000-0000-000000000000,2026-07-31
seguranca-privacidade,"","Curso Data Protection Officer (DPO) — slides de aula, parte 1",firma,00000000-0000-0000-0000-000000000002,2026-08-08
seguranca-privacidade,"","Curso Data Protection Officer (DPO) — slides de aula, parte 2",firma,00000000-0000-0000-0000-000000000002,2026-08-08
seguranca-privacidade,"",Data Privacy,firma,00000000-0000-0000-0000-000000000002,2026-08-08
seguranca-privacidade,"",Data Protection Engineering: From Theory to Practice (jan. 2022),firma,00000000-0000-0000-0000-000000000002,2026-08-08
seguranca-privacidade,"",Decreto nº 10.046/2019 — Governança no compartilhamento de dados na administração pública federal,firma,00000000-0000-0000-0000-000000000002,2026-08-08
seguranca-privacidade,"","Decreto nº 10.569, de 9 de dezembro de 2020 — Estratégia Nacional de Segurança Cibernética (E-Ciber)",firma,00000000-0000-0000-0000-000000000002,2026-08-08
seguranca-privacidade,"",Decreto nº 10.748/2021 — Rede Federal de Gestão de Incidentes Cibernéticos,firma,00000000-0000-0000-0000-000000000002,2026-08-08
seguranca-privacidade,"","Decreto nº 12.573, de 4 de agosto de 2025 — Estratégia Nacional de Cibersegurança",firma,00000000-0000-0000-0000-000000000000,2026-07-31
seguranca-privacidade,"","Decreto nº 7.724, de 16 de maio de 2012 — Regulamento da Lei de Acesso à Informação",firma,00000000-0000-0000-0000-000000000002,2026-08-08
seguranca-privacidade,"","Decreto nº 7.845, de 14 de novembro de 2012 — Credenciamento de segurança e tratamento de informação classificada",firma,00000000-0000-0000-0000-000000000000,2026-07-31
seguranca-privacidade,"",Digital Identity Guidelines,firma,00000000-0000-0000-0000-000000000002,2026-08-08
seguranca-privacidade,"",EDPB-EDPS Joint Opinion 1/2026 on the Proposal for a Regulation as regards the simplification of the implementation of harmonised rules on artificial intelligence (Digital Omnibus on AI),firma,00000000-0000-0000-0000-000000000002,2026-08-08
seguranca-privacidade,"","Guia Orientativo sobre Segurança da Informação para Agentes de Tratamento de Pequeno Porte, Versão 1.0",firma,00000000-0000-0000-0000-000000000002,2026-08-08
seguranca-privacidade,"","Guidelines 01/2021 on Examples regarding Data Breach Notification, Version 1.0",firma,00000000-0000-0000-0000-000000000002,2026-08-08
seguranca-privacidade,"","Guidelines 01/2022 on data subject rights — Right of access, Version 2.1",firma,00000000-0000-0000-0000-000000000002,2026-08-08
seguranca-privacidade,"","Guidelines 07/2020 on the concepts of controller and processor in the GDPR, Version 2.1",firma,00000000-0000-0000-0000-000000000002,2026-08-08
seguranca-privacidade,"","Guidelines 1/2024 on processing of personal data based on Article 6(1)(f) GDPR, Version 1.0",firma,00000000-0000-0000-0000-000000000002,2026-08-08
seguranca-privacidade,"","Guidelines 4/2019 on Article 25 — Data Protection by Design and by Default, Version 2.0",firma,00000000-0000-0000-0000-000000000002,2026-08-08
seguranca-privacidade,"","Guidelines for the Selection, Configuration, and Use of Transport Layer Security (TLS) Implementations",firma,00000000-0000-0000-0000-000000000002,2026-08-08
seguranca-privacidade,"",Guidelines on shaping pseudonymisation according to GDPR provisions,firma,00000000-0000-0000-0000-000000000002,2026-08-08
seguranca-privacidade,"",Hipóteses legais de tratamento de dados pessoais - Legítimo Interesse,firma,00000000-0000-0000-0000-000000000002,2026-08-08
seguranca-privacidade,"",How we built Claude Code auto mode: a safer way to skip permissions [snapshot 2026-08-01],firma,00000000-0000-0000-0000-000000000002,2026-08-08
seguranca-privacidade,"","Incidentes de segurança — curso de Data Protection Officer, FGV Direito Rio",firma,00000000-0000-0000-0000-000000000000,2026-07-31
seguranca-privacidade,"","Instrução Normativa GSI/PR nº 2, de 5 de fevereiro de 2013 — Credenciamento de segurança para o tratamento de informação classificada",firma,00000000-0000-0000-0000-000000000000,2026-07-31
seguranca-privacidade,"","Instrução Normativa GSI/PR nº 4, de 26 de março de 2020 — Requisitos mínimos de segurança cibernética para redes 5G",firma,00000000-0000-0000-0000-000000000000,2026-07-31
seguranca-privacidade,"",ISC2 CISSP Certified Information Systems Security Professional Official Study Guide,firma,00000000-0000-0000-0000-000000000000,2026-07-31
seguranca-privacidade,"",ISO 31000:2018 — Risk management — Guidelines,firma,00000000-0000-0000-0000-000000000002,2026-08-08
seguranca-privacidade,"",JSON Web Token Best Current Practices,firma,00000000-0000-0000-0000-000000000002,2026-08-08
seguranca-privacidade,"",JSON Web Token (JWT) Profile for OAuth 2.0 Access Tokens,firma,00000000-0000-0000-0000-000000000002,2026-08-08
seguranca-privacidade,"","Lei nº 12.527, de 18 de novembro de 2011 — Lei de Acesso à Informação",firma,00000000-0000-0000-0000-000000000002,2026-08-08
seguranca-privacidade,"",Lei nº 12.965/2014 — Marco Civil da Internet,firma,00000000-0000-0000-0000-000000000002,2026-08-08
seguranca-privacidade,"","Lei nº 14.063, de 23 de setembro de 2020 — Uso de assinaturas eletrônicas em interações com entes públicos",firma,00000000-0000-0000-0000-000000000002,2026-08-08
seguranca-privacidade,"",Making Claude Code more secure and autonomous with sandboxing [snapshot 2026-08-01],firma,00000000-0000-0000-0000-000000000002,2026-08-08
seguranca-privacidade,"",Measuring and Managing Information Risk,firma,00000000-0000-0000-0000-000000000002,2026-08-08
seguranca-privacidade,"",NICE Guide to Cybersec Workers,firma,00000000-0000-0000-0000-000000000000,2026-07-31
seguranca-privacidade,"","Norma Complementar 01/IN02/NSC/GSI/PR — disciplina o credenciamento de segurança de pessoas naturais, órgãos e entidades públicas e privadas para o tratamento de informações classificadas",firma,00000000-0000-0000-0000-000000000002,2026-08-08
seguranca-privacidade,"",Norma Complementar 09/IN01/DSIC/GSI/PR,firma,00000000-0000-0000-0000-000000000002,2026-08-08
seguranca-privacidade,"",Norma Complementar 21/IN01/DSIC/GSIPR,firma,00000000-0000-0000-0000-000000000002,2026-08-08
seguranca-privacidade,"",Norma Complementar nº 05/IN01/DSIC/GSIPR,firma,00000000-0000-0000-0000-000000000002,2026-08-08
seguranca-privacidade,"",Norma Complementar nº 08/IN01/DSIC/GSIPR,firma,00000000-0000-0000-0000-000000000002,2026-08-08
seguranca-privacidade,"",Norma Complementar nº 20/IN01/DSIC/GSIPR — Diretrizes de Segurança da Informação e Comunicações para o processo de tratamento da informação,firma,00000000-0000-0000-0000-000000000002,2026-08-08
seguranca-privacidade,"",Nota Técnica nº 1/2026/CGNPE/DAFN — ITI,firma,00000000-0000-0000-0000-000000000002,2026-08-08
seguranca-privacidade,"",Opinion 28/2024 on certain data protection aspects related to the processing of personal data in the context of AI models,firma,00000000-0000-0000-0000-000000000002,2026-08-08
seguranca-privacidade,"",OSIC 15/2024 — Normatização e regulação de tecnologias emergentes no contexto da cibersegurança,firma,00000000-0000-0000-0000-000000000002,2026-08-08
seguranca-privacidade,"",OWASP Top 10 for LLM Applications 2025,firma,00000000-0000-0000-0000-000000000002,2026-08-08
seguranca-privacidade,"",Papéis e Responsabilidades do Conselho na Gestão de Riscos Cibernéticos,firma,00000000-0000-0000-0000-000000000002,2026-08-08
seguranca-privacidade,"",Política de Segurança da Informação e Comunicação do Laboratório Nacional de Computação Científica,firma,00000000-0000-0000-0000-000000000002,2026-08-08
seguranca-privacidade,"",Portaria SGD/MGI nº 852/2023 — Programa de Privacidade e Segurança da Informação (PPSI),firma,00000000-0000-0000-0000-000000000002,2026-08-08
seguranca-privacidade,"",Resolução Anatel nº 740/2020 — Regulamento de Segurança Cibernética Aplicada ao Setor de Telecomunicações,firma,00000000-0000-0000-0000-000000000002,2026-08-08
seguranca-privacidade,"","Resolução CMN nº 4.893, de 26 de fevereiro de 2021 — Política de segurança cibernética e contratação de processamento e armazenamento de dados e de computação em nuvem",firma,00000000-0000-0000-0000-000000000002,2026-08-08
seguranca-privacidade,"","Resolução CMN nº 5.274, de 18 de dezembro de 2025",firma,00000000-0000-0000-0000-000000000002,2026-08-08
seguranca-privacidade,"",Robots Exclusion Protocol,firma,00000000-0000-0000-0000-000000000002,2026-08-08
seguranca-privacidade,"",Security Engineering,firma,00000000-0000-0000-0000-000000000002,2026-08-08
seguranca-privacidade,"",Security Guidance for Critical Areas of Focus in Cloud Computing v3.0,firma,00000000-0000-0000-0000-000000000000,2026-07-31
seguranca-privacidade,"",Serious Cryptography,firma,00000000-0000-0000-0000-000000000002,2026-08-08
seguranca-privacidade,"",Solving Identity Management in Modern Applications,firma,00000000-0000-0000-0000-000000000002,2026-08-08
seguranca-privacidade,"",Tecnologia da informação — Técnicas de segurança — Código de prática para a gestão da segurança da informação,firma,00000000-0000-0000-0000-000000000002,2026-08-08
seguranca-privacidade,"",The Three States of Data Guide: Description and How to Secure Them,firma,00000000-0000-0000-0000-000000000000,2026-07-31
seguranca-privacidade,"",Threat Modeling,firma,00000000-0000-0000-0000-000000000002,2026-08-08
seguranca-privacidade,"",Threat Modeling: Designing for Security,firma,00000000-0000-0000-0000-000000000000,2026-07-31
seguranca-privacidade,"",Tratamento de dados pessoais para fins acadêmicos e para a realização de estudos e pesquisas — guia orientativo,firma,00000000-0000-0000-0000-000000000002,2026-08-08
seguranca-privacidade,"",Tratamento de dados pessoais pelo Poder Público: guia orientativo,firma,00000000-0000-0000-0000-000000000002,2026-08-08
seguranca-privacidade,"",Uma Extensão Pós-Quântica Híbrida para o Protocolo Matrix: Avaliação Experimental e Impacto Sistêmico,firma,00000000-0000-0000-0000-000000000002,2026-08-08
seguranca-privacidade,seg-acessos,A Zero Trust Architecture Model for Access Control in Cloud-Native Applications in Multi-Location Environments,firma,00000000-0000-0000-0000-000000000000,2026-07-31
seguranca-privacidade,seg-acessos,Final: OpenID Connect Core 1.0 incorporating errata set 2 [snapshot 2026-08-01],firma,00000000-0000-0000-0000-000000000002,2026-08-07
seguranca-privacidade,seg-acessos,nist.sp.800-162,firma,00000000-0000-0000-0000-000000000000,2026-07-31
seguranca-privacidade,seg-acessos,NIST SP 800-63-4 — Digital Identity Guidelines,firma,00000000-0000-0000-0000-000000000000,2026-07-31
seguranca-privacidade,seg-acessos,NIST SP 800-63A-4 — Identity Proofing,firma,00000000-0000-0000-0000-000000000000,2026-07-31
seguranca-privacidade,seg-acessos,NIST SP 800-63B-4 — Authentication,firma,00000000-0000-0000-0000-000000000000,2026-07-31
seguranca-privacidade,seg-acessos,NIST SP 800-63C-4 — Federation,firma,00000000-0000-0000-0000-000000000000,2026-07-31
seguranca-privacidade,seg-acessos,Resource Indicators for OAuth 2.0,firma,00000000-0000-0000-0000-000000000002,2026-08-04
seguranca-privacidade,seg-acessos,Server Administration Guide,firma,00000000-0000-0000-0000-000000000002,2026-08-04
seguranca-privacidade,seg-acessos,The NIST Model for Role-Based Access Control: Towards a Unified Standard,firma,00000000-0000-0000-0000-000000000000,2026-07-31
seguranca-privacidade,seg-acessos,The OAuth 2.1 Authorization Framework (draft-ietf-oauth-v2-1-15),firma,00000000-0000-0000-0000-000000000000,2026-07-31
seguranca-privacidade,seg-acessos,Zero Trust Architecture,firma,00000000-0000-0000-0000-000000000000,2026-07-31
seguranca-privacidade,seg-cripto,Ameaça da computação quântica e a transição para a criptografia pós-quântica: relatório executivo de segurança,firma,00000000-0000-0000-0000-000000000000,2026-07-31
seguranca-privacidade,seg-cripto,CMVP Approved Authentication Mechanisms: CMVP Validation Authority Requirements for ISO/IEC 19790:2012 Annex E and ISO/IEC 24759 Section 6.17,firma,00000000-0000-0000-0000-000000000000,2026-07-31
seguranca-privacidade,seg-cripto,CMVP Approved Non-Invasive Attack Mitigation Test Metrics: CMVP Validation Authority Updates to ISO/IEC 24759,firma,00000000-0000-0000-0000-000000000000,2026-07-31
seguranca-privacidade,seg-cripto,CMVP Documentation Requirements: CMVP Validation Authority Updates to ISO/IEC 24759,firma,00000000-0000-0000-0000-000000000000,2026-07-31
seguranca-privacidade,seg-cripto,Coletânea de artigos científicos do CEPESC (2020–2023),firma,00000000-0000-0000-0000-000000000001,2026-08-02
seguranca-privacidade,seg-cripto,Consolidação de Matrizes Criptográficas e Normativas V2,firma,00000000-0000-0000-0000-000000000000,2026-07-31
seguranca-privacidade,seg-cripto,Consolidação de Matrizes PQC,firma,00000000-0000-0000-0000-000000000000,2026-07-31
seguranca-privacidade,seg-cripto,Cryptographic Module Validation Program (CMVP)-Approved Security Functions: CMVP Validation Authority Updates to ISO/IEC 24759,firma,00000000-0000-0000-0000-000000000000,2026-07-31
seguranca-privacidade,seg-cripto,Cryptographic Module Validation Program (CMVP)-Approved Sensitive Security Parameter Generation and Establishment Methods: CMVP Validation Authority Updates to ISO/IEC 24759,firma,00000000-0000-0000-0000-000000000000,2026-07-31
seguranca-privacidade,seg-cripto,Cryptography Engineering,firma,00000000-0000-0000-0000-000000000000,2026-07-31
seguranca-privacidade,seg-cripto,FIPS 140-3 Derived Test Requirements (DTR): CMVP Validation Authority Updates to ISO/IEC 24759,firma,00000000-0000-0000-0000-000000000000,2026-07-31
seguranca-privacidade,seg-cripto,"Instrução Normativa GSI/PR nº 3, de 6 de março de 2013 — Parâmetros mínimos de recursos criptográficos de Estado",firma,00000000-0000-0000-0000-000000000000,2026-07-31
seguranca-privacidade,seg-cripto,"Instrução Normativa ITI nº 22, de 23 de março de 2022 — Padrões e algoritmos criptográficos da ICP-Brasil (DOC-ICP-01.01)",firma,00000000-0000-0000-0000-000000000000,2026-07-31
seguranca-privacidade,seg-cripto,"Instrução Normativa ITI nº 35, de 30 de janeiro de 2026",firma,00000000-0000-0000-0000-000000000000,2026-07-31
seguranca-privacidade,seg-cripto,Lista de Normativos sobre Criptografia e SI - Brasil,firma,00000000-0000-0000-0000-000000000000,2026-07-31
seguranca-privacidade,seg-cripto,Manual de Condutas Técnicas 11 — Volume II: procedimentos de ensaios para avaliação de conformidade aos requisitos técnicos de softwares de AC e AR no âmbito da ICP-Brasil,firma,00000000-0000-0000-0000-000000000000,2026-07-31
seguranca-privacidade,seg-cripto,"Manual de Condutas Técnicas 11 — Volume I: requisitos, materiais e documentos técnicos para homologação de software de AC e AR no âmbito da ICP-Brasil",firma,00000000-0000-0000-0000-000000000000,2026-07-31
seguranca-privacidade,seg-cripto,Matriz de Conformidade Normativa para Recursos Criptográficos,firma,00000000-0000-0000-0000-000000000000,2026-07-31
seguranca-privacidade,seg-cripto,Matriz Produtos Criptográficos x Requerimentos Normativos,firma,00000000-0000-0000-0000-000000000000,2026-07-31
seguranca-privacidade,seg-cripto,Module-Lattice-Based Digital Signature Standard (ML-DSA),firma,00000000-0000-0000-0000-000000000002,2026-08-07
seguranca-privacidade,seg-cripto,Module-Lattice-Based Key-Encapsulation Mechanism Standard (ML-KEM),firma,00000000-0000-0000-0000-000000000002,2026-08-07
seguranca-privacidade,seg-cripto,NIST SP 800-111 — Storage Encryption,firma,00000000-0000-0000-0000-000000000000,2026-07-31
seguranca-privacidade,seg-cripto,nist.sp.800-57pt1r5,firma,00000000-0000-0000-0000-000000000000,2026-07-31
seguranca-privacidade,seg-cripto,Nota técnica de consulta: requisitos de adoção da biblioteca libharpia para a plataforma de produção de conhecimento de inteligência,firma,00000000-0000-0000-0000-000000000000,2026-07-31
seguranca-privacidade,seg-cripto,Relatório executivo: a transição para a criptografia pós-quântica (PQC) e a proteção das infraestruturas críticas no Brasil,firma,00000000-0000-0000-0000-000000000000,2026-07-31
seguranca-privacidade,seg-cripto,Relatório executivo: estratégia de transição PQC e soberania digital do Brasil,firma,00000000-0000-0000-0000-000000000000,2026-07-31
seguranca-privacidade,seg-cripto,Security Requirements for Cryptographic Modules,firma,00000000-0000-0000-0000-000000000000,2026-07-31
seguranca-privacidade,seg-cripto,Stateless Hash-Based Digital Signature Standard (SLH-DSA),firma,00000000-0000-0000-0000-000000000002,2026-08-07
seguranca-privacidade,seg-cripto,Transição Brasileira para a Prontidão Pós-Quântica (PQC) e Soberania Digital,firma,00000000-0000-0000-0000-000000000002,2026-08-06
seguranca-privacidade,seg-cripto,Transitioning the Use of Cryptographic Algorithms and Key Lengths,firma,00000000-0000-0000-0000-000000000000,2026-07-31
seguranca-privacidade,seg-dados-privacidade,ABNT NBR ISO/IEC 27701:2019 — Técnicas de segurança — Extensão da ABNT NBR ISO/IEC 27001 e 27002 para gestão da privacidade da informação,firma,00000000-0000-0000-0000-000000000000,2026-07-31
seguranca-privacidade,seg-dados-privacidade,BigID Professional Course Handbook,firma,00000000-0000-0000-0000-000000000000,2026-07-31
seguranca-privacidade,seg-dados-privacidade,Data Protection Officer — curso FGV Direito Rio,firma,00000000-0000-0000-0000-000000000000,2026-07-31
seguranca-privacidade,seg-dados-privacidade,De-Identifying Government Datasets: Techniques and Governance,firma,00000000-0000-0000-0000-000000000000,2026-07-31
seguranca-privacidade,seg-dados-privacidade,DPO Guide,firma,00000000-0000-0000-0000-000000000000,2026-07-31
seguranca-privacidade,seg-dados-privacidade,GDPR e LGPD - Comparativo Parte I (Jose Belo),firma,00000000-0000-0000-0000-000000000000,2026-07-31
seguranca-privacidade,seg-dados-privacidade,"Lei nº 13.709, de 14 de agosto de 2018 — Lei Geral de Proteção de Dados Pessoais (LGPD)",firma,00000000-0000-0000-0000-000000000000,2026-07-31
seguranca-privacidade,seg-dados-privacidade,LGPD - Saúde,firma,00000000-0000-0000-0000-000000000000,2026-07-31
seguranca-privacidade,seg-dados-privacidade,LINDDUN — árvore de ameaças: Linking,firma,00000000-0000-0000-0000-000000000000,2026-07-31
seguranca-privacidade,seg-dados-privacidade,LINDDUN — árvores de ameaças (conjunto),firma,00000000-0000-0000-0000-000000000000,2026-07-31
seguranca-privacidade,seg-dados-privacidade,"NIST Privacy Framework: A Tool for Improving Privacy Through Enterprise Risk Management, Version 1.0",firma,00000000-0000-0000-0000-000000000000,2026-07-31
seguranca-privacidade,seg-dados-privacidade,NIST SP 800-88 Rev.1 — Media Sanitization,firma,00000000-0000-0000-0000-000000000000,2026-07-31
seguranca-privacidade,seg-dados-privacidade,nistspecialpublication800-122,firma,00000000-0000-0000-0000-000000000000,2026-07-31
seguranca-privacidade,seg-dados-privacidade,OneTrust User Guide,firma,00000000-0000-0000-0000-000000000000,2026-07-31
seguranca-privacidade,seg-dados-privacidade,The Algorithmic Foundations of Differential Privacy,firma,00000000-0000-0000-0000-000000000000,2026-07-31
seguranca-privacidade,seg-dados-privacidade,The EU General Data Protection Regulation (GDPR): A Practical Guide,firma,00000000-0000-0000-0000-000000000000,2026-07-31
seguranca-privacidade,seg-dados-privacidade,Understanding Privacy,firma,00000000-0000-0000-0000-000000000002,2026-08-04
seguranca-privacidade,seg-dados-privacidade,Xeque-Mate: o tripé de proteção de dados pessoais no xadrez das iniciativas legislativas no Brasil,firma,00000000-0000-0000-0000-000000000000,2026-07-31
seguranca-privacidade,seg-deteccao-resposta,CTIR-Taxonomiatabela,firma,00000000-0000-0000-0000-000000000000,2026-07-31
seguranca-privacidade,seg-deteccao-resposta,"Digital Forensics Processing and Procedures: Meeting the Requirements of ISO 17020, ISO 17025, ISO 27001 and Best Practice Requirements",firma,00000000-0000-0000-0000-000000000000,2026-07-31
seguranca-privacidade,seg-deteccao-resposta,Guide to Computer Security Log Management,firma,00000000-0000-0000-0000-000000000000,2026-07-31
seguranca-privacidade,seg-deteccao-resposta,ISO 22301 — Business Continuity,firma,00000000-0000-0000-0000-000000000000,2026-07-31
seguranca-privacidade,seg-deteccao-resposta,MITRE ATT&CK: Design and Philosophy,firma,00000000-0000-0000-0000-000000000000,2026-07-31
seguranca-privacidade,seg-deteccao-resposta,NIST SP 800-34 Rev.1 — Contingency Planning,firma,00000000-0000-0000-0000-000000000000,2026-07-31
seguranca-privacidade,seg-deteccao-resposta,NIST SP 800-61 Rev.3 — Incident Handling,firma,00000000-0000-0000-0000-000000000000,2026-07-31
seguranca-privacidade,seg-deteccao-resposta,nistspecialpublication800-84,firma,00000000-0000-0000-0000-000000000000,2026-07-31
seguranca-privacidade,seg-deteccao-resposta,SIEM Use Cases for SOC ANALYST,firma,00000000-0000-0000-0000-000000000000,2026-07-31
seguranca-privacidade,seg-deteccao-resposta,WP2017 O-3-1-1 Good practice guide on how to improve CSIRT capabilities,firma,00000000-0000-0000-0000-000000000000,2026-07-31
seguranca-privacidade,seg-governanca-controles,CIS Controls v8,firma,00000000-0000-0000-0000-000000000000,2026-07-31
seguranca-privacidade,seg-governanca-controles,"Decreto nº 12.572, de 4 de agosto de 2025 — Política Nacional de Segurança da Informação",firma,00000000-0000-0000-0000-000000000000,2026-07-31
seguranca-privacidade,seg-governanca-controles,Information security management systems — Requirements,firma,00000000-0000-0000-0000-000000000000,2026-07-31
seguranca-privacidade,seg-governanca-controles,"Instrução Normativa GSI/PR nº 1, de 27 de maio de 2020 — Estrutura de Gestão da Segurança da Informação na administração pública federal",firma,00000000-0000-0000-0000-000000000000,2026-07-31
seguranca-privacidade,seg-governanca-controles,ISO 31000:2018 — Risk Management,firma,00000000-0000-0000-0000-000000000000,2026-07-31
seguranca-privacidade,seg-governanca-controles,ISO/IEC 27000 — Information technology — Security techniques — Information security management systems — Overview and vocabulary,firma,00000000-0000-0000-0000-000000000000,2026-07-31
seguranca-privacidade,seg-governanca-controles,ISO/IEC 27002:2013 — Information technology — Security techniques — Code of practice for information security controls,firma,00000000-0000-0000-0000-000000000000,2026-07-31
seguranca-privacidade,seg-governanca-controles,NIST SP 800-53 Rev.5 — Security and Privacy Controls,firma,00000000-0000-0000-0000-000000000000,2026-07-31
seguranca-privacidade,seg-governanca-controles,The NIST Cybersecurity Framework (CSF) 2.0,firma,00000000-0000-0000-0000-000000000000,2026-07-31
seguranca-privacidade,seg-ofensiva,nistspecialpublication800-115,firma,00000000-0000-0000-0000-000000000000,2026-07-31
seguranca-privacidade,seg-ofensiva,The Red Team Guide by Peerlyst,firma,00000000-0000-0000-0000-000000000000,2026-07-31
seguranca-privacidade,seg-operacional,Introduction to Mobile Security,firma,00000000-0000-0000-0000-000000000000,2026-07-31
seguranca-privacidade,seg-plataforma-aplicacoes,Alice and Bob Learn Secure Coding,firma,00000000-0000-0000-0000-000000000002,2026-08-04
seguranca-privacidade,seg-plataforma-aplicacoes,CIS Docker Benchmark v1.7,firma,00000000-0000-0000-0000-000000000000,2026-07-31
seguranca-privacidade,seg-plataforma-aplicacoes,CIS Google Android Benchmark v1.6.0,firma,00000000-0000-0000-0000-000000000000,2026-07-31
seguranca-privacidade,seg-plataforma-aplicacoes,CIS Google Cloud Platform Foundation Benchmark,firma,00000000-0000-0000-0000-000000000000,2026-07-31
seguranca-privacidade,seg-plataforma-aplicacoes,CIS Google Container-Optimized OS Benchmark,firma,00000000-0000-0000-0000-000000000000,2026-07-31
seguranca-privacidade,seg-plataforma-aplicacoes,CIS Linux Mint 22 Benchmark v1.0.0,firma,00000000-0000-0000-0000-000000000000,2026-07-31
seguranca-privacidade,seg-plataforma-aplicacoes,CIS MariaDB 10.11 Benchmark v1.0.0,firma,00000000-0000-0000-0000-000000000000,2026-07-31
seguranca-privacidade,seg-plataforma-aplicacoes,CIS Mozilla Firefox 102 ESR Benchmark v1.0.0,firma,00000000-0000-0000-0000-000000000000,2026-07-31
seguranca-privacidade,seg-plataforma-aplicacoes,CIS NGINX Benchmark v3.0.0,firma,00000000-0000-0000-0000-000000000000,2026-07-31
seguranca-privacidade,seg-plataforma-aplicacoes,CIS PostgreSQL 18 Benchmark v1.0.0,firma,00000000-0000-0000-0000-000000000000,2026-07-31
seguranca-privacidade,seg-plataforma-aplicacoes,nist.sp.800-190,firma,00000000-0000-0000-0000-000000000000,2026-07-31
seguranca-privacidade,seg-plataforma-aplicacoes,nist.sp.800-218,firma,00000000-0000-0000-0000-000000000000,2026-07-31
seguranca-privacidade,seg-plataforma-aplicacoes,OWASP Application Security Verification Standard 5.0.0,firma,00000000-0000-0000-0000-000000000000,2026-07-31
seguranca-privacidade,seg-plataforma-aplicacoes,OWASP SAMM v2.2.0,firma,00000000-0000-0000-0000-000000000002,2026-08-03
seguranca-privacidade,seg-plataforma-aplicacoes,Secure-Programs-HOWTO,firma,00000000-0000-0000-0000-000000000000,2026-07-31
seguranca-privacidade,seg-plataforma-aplicacoes,Secure Virtual Network Configuration for Virtual Machine (VM) Protection,firma,00000000-0000-0000-0000-000000000000,2026-07-31
seguranca-privacidade,seg-plataforma-aplicacoes,Software Supply Chain Security,firma,00000000-0000-0000-0000-000000000002,2026-08-04
seguranca-privacidade,seg-redes,Guidelines on Firewalls and Firewall Policy,firma,00000000-0000-0000-0000-000000000000,2026-07-31
seguranca-privacidade,seg-redes,NIST SP 800-46 Rev.2 — Telework/Remote Access,firma,00000000-0000-0000-0000-000000000000,2026-07-31
